x_m,y_m,w_tr_right_m,w_tr_left_m
20.628630908,2.298687755,0.457200000,0.457200000
20.653613128,2.298687755,0.457200000,0.457200000
20.678595347,2.298687755,0.457200000,0.457200000
20.703577567,2.298687755,0.457200000,0.457200000
20.728559786,2.298687755,0.457200000,0.457200000
20.753542006,2.298687755,0.457200000,0.457200000
20.778524225,2.298687755,0.457200000,0.457200000
20.803506445,2.298687755,0.457200000,0.457200000
20.828488664,2.298687755,0.457200000,0.457200000
20.853470884,2.298687755,0.457200000,0.457200000
20.878453103,2.298687755,0.457200000,0.457200000
20.903435323,2.298687755,0.457200000,0.457200000
20.928417542,2.298687755,0.457200000,0.457200000
20.953399762,2.298687755,0.457200000,0.457200000
20.978381981,2.298687755,0.457200000,0.457200000
21.003364201,2.298687755,0.457200000,0.457200000
21.028346420,2.298687755,0.457200000,0.457200000
21.053328640,2.298687755,0.457200000,0.457200000
21.078310859,2.298687755,0.457200000,0.457200000
21.103293079,2.298687755,0.457200000,0.457200000
21.128275298,2.298687755,0.457200000,0.457200000
21.153257518,2.298687755,0.457200000,0.457200000
21.178239737,2.298687755,0.457200000,0.457200000
21.203221957,2.298687755,0.457200000,0.457200000
21.228204176,2.298687755,0.457200000,0.457200000
21.253186396,2.298687755,0.457200000,0.457200000
21.278168615,2.298687755,0.457200000,0.457200000
21.303150835,2.298687755,0.457200000,0.457200000
21.328133054,2.298687755,0.457200000,0.457200000
21.353115274,2.298687755,0.457200000,0.457200000
21.378097494,2.298687755,0.457200000,0.457200000
21.403079713,2.298687755,0.457200000,0.457200000
21.428061933,2.298687755,0.457200000,0.457200000
21.453044152,2.298687755,0.457200000,0.457200000
21.478026372,2.298687755,0.457200000,0.457200000
21.503008591,2.298687755,0.457200000,0.457200000
21.527990811,2.298687755,0.457200000,0.457200000
21.552973030,2.298687755,0.457200000,0.457200000
21.577955250,2.298687755,0.457200000,0.457200000
21.602937469,2.298687755,0.457200000,0.457200000
21.627919689,2.298687755,0.457200000,0.457200000
21.652901908,2.298687755,0.457200000,0.457200000
21.677884128,2.298687755,0.457200000,0.457200000
21.702866347,2.298687755,0.457200000,0.457200000
21.727848567,2.298687755,0.457200000,0.457200000
21.752830786,2.298687755,0.457200000,0.457200000
21.777813006,2.298687755,0.457200000,0.457200000
21.802795225,2.298687755,0.457200000,0.457200000
21.827777445,2.298687755,0.457200000,0.457200000
21.852759664,2.298687755,0.457200000,0.457200000
21.877741884,2.298687755,0.457200000,0.457200000
21.902724103,2.298687755,0.457200000,0.457200000
21.927706323,2.298687755,0.457200000,0.457200000
21.952688542,2.298687755,0.457200000,0.457200000
21.977670762,2.298687755,0.457200000,0.457200000
22.002652981,2.298687755,0.457200000,0.457200000
22.027635201,2.298687755,0.457200000,0.457200000
22.052617420,2.298687755,0.457200000,0.457200000
22.077599640,2.298687755,0.457200000,0.457200000
22.102581859,2.298687755,0.457200000,0.457200000
22.127564079,2.298687755,0.457200000,0.457200000
22.152546298,2.298687755,0.457200000,0.457200000
22.177528518,2.298687755,0.457200000,0.457200000
22.202510737,2.298687755,0.457200000,0.457200000
22.227492957,2.298687755,0.457200000,0.457200000
22.252475176,2.298687755,0.457200000,0.457200000
22.277457396,2.298687755,0.457200000,0.457200000
22.302439615,2.298687755,0.457200000,0.457200000
22.327421835,2.298687755,0.457200000,0.457200000
22.352404055,2.298687755,0.457200000,0.457200000
22.377386274,2.298687755,0.457200000,0.457200000
22.402368494,2.298687755,0.457200000,0.457200000
22.427350713,2.298687755,0.457200000,0.457200000
22.452332933,2.298687755,0.457200000,0.457200000
22.477315152,2.298687755,0.457200000,0.457200000
22.502297372,2.298687755,0.457200000,0.457200000
22.527279591,2.298687755,0.457200000,0.457200000
22.552261811,2.298687755,0.457200000,0.457200000
22.577244030,2.298687755,0.457200000,0.457200000
22.602226250,2.298687755,0.457200000,0.457200000
22.627208469,2.298687755,0.457200000,0.457200000
22.652190689,2.298687755,0.457200000,0.457200000
22.677172908,2.298687755,0.457200000,0.457200000
22.702155128,2.298687755,0.457200000,0.457200000
22.727137347,2.298687755,0.457200000,0.457200000
22.752119567,2.298687755,0.457200000,0.457200000
22.777101786,2.298687755,0.457200000,0.457200000
22.802084006,2.298687755,0.457200000,0.457200000
22.827066225,2.298687755,0.457200000,0.457200000
22.852048445,2.298687755,0.457200000,0.457200000
22.877030664,2.298687755,0.457200000,0.457200000
22.902012884,2.298687755,0.457200000,0.457200000
22.926995103,2.298687755,0.457200000,0.457200000
22.951977323,2.298687755,0.457200000,0.457200000
22.976959542,2.298687755,0.457200000,0.457200000
23.001941762,2.298687755,0.457200000,0.457200000
23.026923981,2.298687755,0.457200000,0.457200000
23.051906201,2.298687755,0.457200000,0.457200000
23.076888420,2.298687755,0.457200000,0.457200000
23.101870640,2.298687755,0.457200000,0.457200000
23.126852859,2.298687755,0.457200000,0.457200000
23.151835079,2.298687755,0.457200000,0.457200000
23.176817298,2.298687755,0.457200000,0.457200000
23.201799518,2.298687755,0.457200000,0.457200000
23.226781737,2.298687755,0.457200000,0.457200000
23.251763957,2.298687755,0.457200000,0.457200000
23.276746176,2.298687755,0.457200000,0.457200000
23.301728396,2.298687755,0.457200000,0.457200000
23.326710616,2.298687755,0.457200000,0.457200000
23.351692835,2.298687755,0.457200000,0.457200000
23.376675055,2.298687755,0.457200000,0.457200000
23.401657274,2.298687755,0.457200000,0.457200000
23.426639494,2.298687755,0.457200000,0.457200000
23.451621713,2.298687755,0.457200000,0.457200000
23.476603933,2.298687755,0.457200000,0.457200000
23.501586152,2.298687755,0.457200000,0.457200000
23.526568372,2.298687755,0.457200000,0.457200000
23.551550591,2.298687755,0.457200000,0.457200000
23.576532811,2.298687755,0.457200000,0.457200000
23.601515030,2.298687755,0.457200000,0.457200000
23.626497250,2.298687755,0.457200000,0.457200000
23.651479469,2.298687755,0.457200000,0.457200000
23.676461689,2.298687755,0.457200000,0.457200000
23.701443908,2.298687755,0.457200000,0.457200000
23.726426128,2.298687755,0.457200000,0.457200000
23.751408347,2.298687755,0.457200000,0.457200000
23.776390567,2.298687755,0.457200000,0.457200000
23.801372786,2.298687755,0.457200000,0.457200000
23.826355006,2.298687755,0.457200000,0.457200000
23.851337225,2.298687755,0.457200000,0.457200000
23.876319445,2.298687755,0.457200000,0.457200000
23.901301664,2.298687755,0.457200000,0.457200000
23.926283884,2.298687755,0.457200000,0.457200000
23.951266103,2.298687755,0.457200000,0.457200000
23.976248323,2.298687755,0.457200000,0.457200000
24.001230542,2.298687755,0.457200000,0.457200000
24.026212762,2.298687755,0.457200000,0.457200000
24.051194981,2.298687755,0.457200000,0.457200000
24.076177201,2.298687755,0.457200000,0.457200000
24.101159420,2.298687755,0.457200000,0.457200000
24.126141640,2.298687755,0.457200000,0.457200000
24.151123859,2.298687755,0.457200000,0.457200000
24.176106079,2.298687755,0.457200000,0.457200000
24.201088298,2.298687755,0.457200000,0.457200000
24.226070518,2.298687755,0.457200000,0.457200000
24.251052737,2.298687755,0.457200000,0.457200000
24.276034957,2.298687755,0.457200000,0.457200000
24.301017177,2.298687755,0.457200000,0.457200000
24.325999396,2.298687755,0.457200000,0.457200000
24.350981616,2.298687755,0.457200000,0.457200000
24.375963835,2.298687755,0.457200000,0.457200000
24.400946055,2.298687755,0.457200000,0.457200000
24.425928274,2.298687755,0.457200000,0.457200000
24.450910494,2.298687755,0.457200000,0.457200000
24.475892713,2.298687755,0.457200000,0.457200000
24.500874933,2.298687755,0.457200000,0.457200000
24.525857152,2.298687755,0.457200000,0.457200000
24.550839372,2.298687755,0.457200000,0.457200000
24.575821591,2.298687755,0.457200000,0.457200000
24.600803811,2.298687755,0.457200000,0.457200000
24.625786030,2.298687755,0.457200000,0.457200000
24.650768250,2.298687755,0.457200000,0.457200000
24.675750469,2.298687755,0.457200000,0.457200000
24.700732689,2.298687755,0.457200000,0.457200000
24.725714908,2.298687755,0.457200000,0.457200000
24.750697128,2.298687755,0.457200000,0.457200000
24.775679347,2.298687755,0.457200000,0.457200000
24.800661567,2.298687755,0.457200000,0.457200000
24.825643786,2.298687755,0.457200000,0.457200000
24.850626006,2.298687755,0.457200000,0.457200000
24.875608225,2.298687755,0.457200000,0.457200000
24.900590445,2.298687755,0.457200000,0.457200000
24.925572664,2.298687755,0.457200000,0.457200000
24.950554884,2.298687755,0.457200000,0.457200000
24.975537103,2.298687755,0.457200000,0.457200000
25.000519323,2.298687755,0.457200000,0.457200000
25.025501542,2.298687755,0.457200000,0.457200000
25.050483762,2.298687755,0.457200000,0.457200000
25.075465981,2.298687755,0.457200000,0.457200000
25.100448201,2.298687755,0.457200000,0.457200000
25.125430420,2.298687755,0.457200000,0.457200000
25.150412640,2.298687755,0.457200000,0.457200000
25.175394859,2.298687755,0.457200000,0.457200000
25.200377079,2.298687755,0.457200000,0.457200000
25.225359298,2.298687755,0.457200000,0.457200000
25.250341518,2.298687755,0.457200000,0.457200000
25.275323738,2.298687755,0.457200000,0.457200000
25.300305957,2.298687755,0.457200000,0.457200000
25.325288177,2.298687755,0.457200000,0.457200000
25.350270396,2.298687755,0.457200000,0.457200000
25.375252616,2.298687755,0.457200000,0.457200000
25.400234835,2.298687755,0.457200000,0.457200000
25.425217055,2.298687755,0.457200000,0.457200000
25.450199274,2.298687755,0.457200000,0.457200000
25.475181494,2.298687755,0.457200000,0.457200000
25.500163713,2.298687755,0.457200000,0.457200000
25.525145933,2.298687755,0.457200000,0.457200000
25.550128152,2.298687755,0.457200000,0.457200000
25.575110372,2.298687755,0.457200000,0.457200000
25.600092591,2.298687755,0.457200000,0.457200000
25.625074811,2.298687755,0.457200000,0.457200000
25.650057030,2.298687755,0.457200000,0.457200000
25.675039250,2.298687755,0.457200000,0.457200000
25.700021469,2.298687755,0.457200000,0.457200000
25.725003689,2.298687755,0.457200000,0.457200000
25.749985908,2.298687755,0.457200000,0.457200000
25.774968128,2.298687755,0.457200000,0.457200000
25.799950347,2.298687755,0.457200000,0.457200000
25.824932567,2.298687755,0.457200000,0.457200000
25.849914786,2.298687755,0.457200000,0.457200000
25.874897006,2.298687755,0.457200000,0.457200000
25.899879225,2.298687755,0.457200000,0.457200000
25.924861445,2.298687755,0.457200000,0.457200000
25.949843664,2.298687755,0.457200000,0.457200000
25.974825884,2.298687755,0.457200000,0.457200000
25.999808103,2.298687755,0.457200000,0.457200000
26.024790323,2.298687755,0.457200000,0.457200000
26.049772542,2.298687755,0.457200000,0.457200000
26.074754762,2.298687755,0.457200000,0.457200000
26.099736981,2.298687755,0.457200000,0.457200000
26.124719201,2.298687755,0.457200000,0.457200000
26.149701420,2.298687755,0.457200000,0.457200000
26.174683640,2.298687755,0.457200000,0.457200000
26.199665859,2.298687755,0.457200000,0.457200000
26.224648079,2.298687755,0.457200000,0.457200000
26.249630299,2.298687755,0.457200000,0.457200000
26.274612518,2.298687755,0.457200000,0.457200000
26.299594738,2.298687755,0.457200000,0.457200000
26.324576957,2.298687755,0.457200000,0.457200000
26.349559177,2.298687755,0.457200000,0.457200000
26.374541396,2.298687755,0.457200000,0.457200000
26.399523616,2.298687755,0.457200000,0.457200000
26.424505835,2.298687755,0.457200000,0.457200000
26.449488055,2.298687755,0.457200000,0.457200000
26.474470274,2.298687755,0.457200000,0.457200000
26.499452494,2.298687755,0.457200000,0.457200000
26.524434713,2.298687755,0.457200000,0.457200000
26.549416933,2.298687755,0.457200000,0.457200000
26.574399152,2.298687755,0.457200000,0.457200000
26.599381372,2.298687755,0.457200000,0.457200000
26.624363591,2.298687755,0.457200000,0.457200000
26.649345811,2.298687755,0.457200000,0.457200000
26.674328030,2.298687755,0.457200000,0.457200000
26.699310250,2.298687755,0.457200000,0.457200000
26.724292469,2.298687755,0.457200000,0.457200000
26.749274689,2.298687755,0.457200000,0.457200000
26.774256908,2.298687755,0.457200000,0.457200000
26.799239128,2.298687755,0.457200000,0.457200000
26.824221347,2.298687755,0.457200000,0.457200000
26.849203567,2.298687755,0.457200000,0.457200000
26.874185786,2.298687755,0.457200000,0.457200000
26.899168006,2.298687755,0.457200000,0.457200000
26.924150225,2.298687755,0.457200000,0.457200000
26.949132445,2.298687755,0.457200000,0.457200000
26.974114664,2.298687755,0.457200000,0.457200000
26.999096884,2.298687755,0.457200000,0.457200000
27.024079103,2.298687755,0.457200000,0.457200000
27.049061323,2.298687755,0.457200000,0.457200000
27.074043542,2.298687755,0.457200000,0.457200000
27.099025762,2.298687755,0.457200000,0.457200000
27.124007981,2.298687755,0.457200000,0.457200000
27.148990201,2.298687755,0.457200000,0.457200000
27.173972420,2.298687755,0.457200000,0.457200000
27.198954640,2.298687755,0.457200000,0.457200000
27.223936860,2.298687755,0.457200000,0.457200000
27.248919079,2.298687755,0.457200000,0.457200000
27.273901299,2.298687755,0.457200000,0.457200000
27.298883518,2.298687755,0.457200000,0.457200000
27.323865738,2.298687755,0.457200000,0.457200000
27.348847957,2.298687755,0.457200000,0.457200000
27.373830177,2.298687755,0.457200000,0.457200000
27.398660301,2.298706044,0.457200000,0.457200000
27.423490371,2.298760910,0.457200000,0.457200000
27.448320334,2.298852355,0.457200000,0.457200000
27.473150135,2.298980377,0.457200000,0.457200000
27.497979720,2.299144976,0.457200000,0.457200000
27.522809036,2.299346152,0.457200000,0.457200000
27.547638029,2.299583904,0.457200000,0.457200000
27.572466644,2.299858232,0.457200000,0.457200000
27.597294829,2.300169136,0.457200000,0.457200000
27.622122528,2.300516614,0.457200000,0.457200000
27.646949689,2.300900666,0.457200000,0.457200000
27.671776257,2.301321290,0.457200000,0.457200000
27.696602179,2.301778488,0.457200000,0.457200000
27.721427400,2.302272256,0.457200000,0.457200000
27.746251866,2.302802594,0.457200000,0.457200000
27.771075525,2.303369501,0.457200000,0.457200000
27.795898321,2.303972976,0.457200000,0.457200000
27.820720202,2.304613017,0.457200000,0.457200000
27.845541112,2.305289623,0.457200000,0.457200000
27.870360999,2.306002793,0.457200000,0.457200000
27.895179809,2.306752524,0.457200000,0.457200000
27.919997487,2.307538816,0.457200000,0.457200000
27.944813980,2.308361667,0.457200000,0.457200000
27.969629234,2.309221074,0.457200000,0.457200000
27.994443195,2.310117037,0.457200000,0.457200000
28.019255809,2.311049552,0.457200000,0.457200000
28.044067022,2.312018618,0.457200000,0.457200000
28.068876781,2.313024234,0.457200000,0.457200000
28.093685032,2.314066396,0.457200000,0.457200000
28.118491721,2.315145102,0.457200000,0.457200000
28.143296793,2.316260351,0.457200000,0.457200000
28.168100196,2.317412139,0.457200000,0.457200000
28.192901875,2.318600464,0.457200000,0.457200000
28.217701777,2.319825325,0.457200000,0.457200000
28.242499847,2.321086717,0.457200000,0.457200000
28.267296033,2.322384638,0.457200000,0.457200000
28.292090279,2.323719085,0.457200000,0.457200000
28.316882533,2.325090057,0.457200000,0.457200000
28.341672740,2.326497548,0.457200000,0.457200000
28.366460847,2.327941558,0.457200000,0.457200000
28.391246799,2.329422081,0.457200000,0.457200000
28.416030544,2.330939116,0.457200000,0.457200000
28.440812028,2.332492658,0.457200000,0.457200000
28.465591195,2.334082705,0.457200000,0.457200000
28.490367994,2.335709253,0.457200000,0.457200000
28.515142369,2.337372299,0.457200000,0.457200000
28.539914268,2.339071838,0.457200000,0.457200000
28.564683636,2.340807868,0.457200000,0.457200000
28.589450421,2.342580384,0.457200000,0.457200000
28.614214567,2.344389382,0.457200000,0.457200000
28.638976021,2.346234859,0.457200000,0.457200000
28.663734730,2.348116811,0.457200000,0.457200000
28.688490639,2.350035234,0.457200000,0.457200000
28.713243696,2.351990122,0.457200000,0.457200000
28.737993846,2.353981473,0.457200000,0.457200000
28.762741036,2.356009282,0.457200000,0.457200000
28.787485211,2.358073545,0.457200000,0.457200000
28.812226319,2.360174256,0.457200000,0.457200000
28.836964305,2.362311411,0.457200000,0.457200000
28.861699117,2.364485007,0.457200000,0.457200000
28.886430699,2.366695037,0.457200000,0.457200000
28.911158999,2.368941498,0.457200000,0.457200000
28.935883963,2.371224384,0.457200000,0.457200000
28.960605537,2.373543690,0.457200000,0.457200000
28.985323668,2.375899412,0.457200000,0.457200000
29.010038301,2.378291544,0.457200000,0.457200000
29.034749384,2.380720081,0.457200000,0.457200000
29.059456862,2.383185018,0.457200000,0.457200000
29.084160683,2.385686350,0.457200000,0.457200000
29.108860792,2.388224070,0.457200000,0.457200000
29.133557135,2.390798174,0.457200000,0.457200000
29.158249660,2.393408656,0.457200000,0.457200000
29.182938313,2.396055511,0.457200000,0.457200000
29.207623040,2.398738731,0.457200000,0.457200000
29.232303787,2.401458313,0.457200000,0.457200000
29.256980501,2.404214249,0.457200000,0.457200000
29.281653128,2.407006534,0.457200000,0.457200000
29.306321616,2.409835162,0.457200000,0.457200000
29.330985909,2.412700127,0.457200000,0.457200000
29.355645956,2.415601422,0.457200000,0.457200000
29.380301702,2.418539041,0.457200000,0.457200000
29.404953093,2.421512977,0.457200000,0.457200000
29.429600077,2.424523225,0.457200000,0.457200000
29.454242600,2.427569778,0.457200000,0.457200000
29.478880608,2.430652629,0.457200000,0.457200000
29.503514047,2.433771772,0.457200000,0.457200000
29.528142865,2.436927199,0.457200000,0.457200000
29.552767009,2.440118904,0.457200000,0.457200000
29.577386423,2.443346880,0.457200000,0.457200000
29.602001056,2.446611119,0.457200000,0.457200000
29.626610853,2.449911616,0.457200000,0.457200000
29.651215762,2.453248362,0.457200000,0.457200000
29.675815728,2.456621351,0.457200000,0.457200000
29.700410699,2.460030575,0.457200000,0.457200000
29.725000622,2.463476026,0.457200000,0.457200000
29.749585441,2.466957698,0.457200000,0.457200000
29.774165106,2.470475582,0.457200000,0.457200000
29.798739561,2.474029671,0.457200000,0.457200000
29.823308754,2.477619958,0.457200000,0.457200000
29.847872631,2.481246434,0.457200000,0.457200000
29.872431140,2.484909092,0.457200000,0.457200000
29.896984226,2.488607924,0.457200000,0.457200000
29.921531837,2.492342921,0.457200000,0.457200000
29.946073919,2.496114076,0.457200000,0.457200000
29.970610419,2.499921380,0.457200000,0.457200000
29.995141284,2.503764826,0.457200000,0.457200000
30.019666461,2.507644404,0.457200000,0.457200000
30.044185895,2.511560107,0.457200000,0.457200000
30.068699535,2.515511925,0.457200000,0.457200000
30.093207327,2.519499851,0.457200000,0.457200000
30.117709217,2.523523875,0.457200000,0.457200000
30.142205153,2.527583989,0.457200000,0.457200000
30.166695081,2.531680185,0.457200000,0.457200000
30.191178949,2.535812453,0.457200000,0.457200000
30.215656703,2.539980783,0.457200000,0.457200000
30.240128289,2.544185168,0.457200000,0.457200000
30.264593656,2.548425599,0.457200000,0.457200000
30.289052749,2.552702065,0.457200000,0.457200000
30.313505516,2.557014557,0.457200000,0.457200000
30.337951904,2.561363067,0.457200000,0.457200000
30.362391859,2.565747585,0.457200000,0.457200000
30.386825328,2.570168101,0.457200000,0.457200000
30.411252260,2.574624605,0.457200000,0.457200000
30.435672599,2.579117089,0.457200000,0.457200000
30.460086295,2.583645542,0.457200000,0.457200000
30.484493293,2.588209954,0.457200000,0.457200000
30.508893540,2.592810316,0.457200000,0.457200000
30.533286984,2.597446618,0.457200000,0.457200000
30.557673572,2.602118849,0.457200000,0.457200000
30.582053250,2.606826999,0.457200000,0.457200000
30.606425967,2.611571059,0.457200000,0.457200000
30.630791668,2.616351017,0.457200000,0.457200000
30.655150302,2.621166864,0.457200000,0.457200000
30.679501814,2.626018588,0.457200000,0.457200000
30.703846153,2.630906181,0.457200000,0.457200000
30.728183266,2.635829630,0.457200000,0.457200000
30.752595828,2.640810001,0.457200000,0.457200000
30.776999363,2.645834417,0.457200000,0.457200000
30.801393792,2.650902860,0.457200000,0.457200000
30.825779036,2.656015315,0.457200000,0.457200000
30.850155014,2.661171764,0.457200000,0.457200000
30.874521648,2.666372191,0.457200000,0.457200000
30.898878858,2.671616579,0.457200000,0.457200000
30.923226565,2.676904911,0.457200000,0.457200000
30.947564689,2.682237169,0.457200000,0.457200000
30.971893152,2.687613336,0.457200000,0.457200000
30.996211874,2.693033396,0.457200000,0.457200000
31.020520776,2.698497329,0.457200000,0.457200000
31.044819779,2.704005119,0.457200000,0.457200000
31.069108804,2.709556747,0.457200000,0.457200000
31.093387771,2.715152195,0.457200000,0.457200000
31.117656601,2.720791445,0.457200000,0.457200000
31.141915216,2.726474479,0.457200000,0.457200000
31.166163537,2.732201278,0.457200000,0.457200000
31.190401484,2.737971824,0.457200000,0.457200000
31.214628979,2.743786097,0.457200000,0.457200000
31.238845943,2.749644080,0.457200000,0.457200000
31.263052297,2.755545752,0.457200000,0.457200000
31.287247961,2.761491094,0.457200000,0.457200000
31.311432858,2.767480088,0.457200000,0.457200000
31.335606909,2.773512713,0.457200000,0.457200000
31.359770034,2.779588951,0.457200000,0.457200000
31.383922155,2.785708780,0.457200000,0.457200000
31.408063194,2.791872182,0.457200000,0.457200000
31.432193072,2.798079136,0.457200000,0.457200000
31.456311710,2.804329622,0.457200000,0.457200000
31.480419030,2.810623620,0.457200000,0.457200000
31.504514953,2.816961109,0.457200000,0.457200000
31.528599401,2.823342069,0.457200000,0.457200000
31.552672296,2.829766478,0.457200000,0.457200000
31.576733558,2.836234316,0.457200000,0.457200000
31.600783111,2.842745562,0.457200000,0.457200000
31.624820874,2.849300195,0.457200000,0.457200000
31.648846771,2.855898193,0.457200000,0.457200000
31.672860722,2.862539534,0.457200000,0.457200000
31.696862651,2.869224198,0.457200000,0.457200000
31.720852477,2.875952162,0.457200000,0.457200000
31.744830124,2.882723405,0.457200000,0.457200000
31.768795514,2.889537904,0.457200000,0.457200000
31.792748567,2.896395637,0.457200000,0.457200000
31.816689207,2.903296582,0.457200000,0.457200000
31.840617356,2.910240716,0.457200000,0.457200000
31.864532934,2.917228017,0.457200000,0.457200000
31.888435866,2.924258463,0.457200000,0.457200000
31.912326072,2.931332029,0.457200000,0.457200000
31.936203475,2.938448694,0.457200000,0.457200000
31.960067997,2.945608433,0.457200000,0.457200000
31.983919560,2.952811225,0.457200000,0.457200000
32.007758087,2.960057044,0.457200000,0.457200000
32.031583501,2.967345868,0.457200000,0.457200000
32.055395723,2.974677673,0.457200000,0.457200000
32.079194676,2.982052435,0.457200000,0.457200000
32.102980283,2.989470129,0.457200000,0.457200000
32.126752466,2.996930733,0.457200000,0.457200000
32.150511147,3.004434221,0.457200000,0.457200000
32.174256250,3.011980569,0.457200000,0.457200000
32.197987697,3.019569753,0.457200000,0.457200000
32.221705411,3.027201748,0.457200000,0.457200000
32.245409314,3.034876528,0.457200000,0.457200000
32.269099330,3.042594070,0.457200000,0.457200000
32.292775381,3.050354347,0.457200000,0.457200000
32.316437389,3.058157335,0.457200000,0.457200000
32.340085279,3.066003008,0.457200000,0.457200000
32.363718973,3.073891341,0.457200000,0.457200000
32.387338394,3.081822308,0.457200000,0.457200000
32.410943466,3.089795882,0.457200000,0.457200000
32.434534110,3.097812039,0.457200000,0.457200000
32.458110251,3.105870752,0.457200000,0.457200000
32.481671812,3.113971995,0.457200000,0.457200000
32.505218716,3.122115741,0.457200000,0.457200000
32.528750886,3.130301964,0.457200000,0.457200000
32.552268246,3.138530637,0.457200000,0.457200000
32.575770720,3.146801734,0.457200000,0.457200000
32.599258229,3.155115227,0.457200000,0.457200000
32.622730699,3.163471090,0.457200000,0.457200000
32.646188053,3.171869295,0.457200000,0.457200000
32.669630214,3.180309815,0.457200000,0.457200000
32.693057106,3.188792622,0.457200000,0.457200000
32.716468652,3.197317689,0.457200000,0.457200000
32.739864777,3.205884988,0.457200000,0.457200000
32.763245405,3.214494492,0.457200000,0.457200000
32.786610458,3.223146171,0.457200000,0.457200000
32.809959862,3.231839998,0.457200000,0.457200000
32.833293540,3.240575945,0.457200000,0.457200000
32.856611416,3.249353983,0.457200000,0.457200000
32.879913414,3.258174084,0.457200000,0.457200000
32.903199458,3.267036218,0.457200000,0.457200000
32.926469473,3.275940358,0.457200000,0.457200000
32.949723382,3.284886473,0.457200000,0.457200000
32.972961110,3.293874536,0.457200000,0.457200000
32.996182582,3.302904516,0.457200000,0.457200000
33.019387721,3.311976384,0.457200000,0.457200000
33.042576453,3.321090111,0.457200000,0.457200000
33.065748701,3.330245667,0.457200000,0.457200000
33.088904390,3.339443022,0.457200000,0.457200000
33.112043445,3.348682146,0.457200000,0.457200000
33.135165790,3.357963010,0.457200000,0.457200000
33.158271351,3.367285583,0.457200000,0.457200000
33.181360051,3.376649834,0.457200000,0.457200000
33.204431816,3.386055733,0.457200000,0.457200000
33.227486571,3.395503249,0.457200000,0.457200000
33.250524240,3.404992353,0.457200000,0.457200000
33.273544749,3.414523012,0.457200000,0.457200000
33.296548022,3.424095196,0.457200000,0.457200000
33.319533985,3.433708873,0.457200000,0.457200000
33.342502563,3.443364013,0.457200000,0.457200000
33.365453680,3.453060584,0.457200000,0.457200000
33.388387263,3.462798554,0.457200000,0.457200000
33.411303237,3.472577891,0.457200000,0.457200000
33.434201526,3.482398564,0.457200000,0.457200000
33.457082057,3.492260541,0.457200000,0.457200000
33.479944755,3.502163790,0.457200000,0.457200000
33.502789545,3.512108278,0.457200000,0.457200000
33.525616354,3.522093973,0.457200000,0.457200000
33.548425106,3.532120843,0.457200000,0.457200000
33.571215727,3.542188854,0.457200000,0.457200000
33.593988144,3.552297975,0.457200000,0.457200000
33.616742282,3.562448171,0.457200000,0.457200000
33.639478067,3.572639411,0.457200000,0.457200000
33.662195425,3.582871661,0.457200000,0.457200000
33.684894282,3.593144887,0.457200000,0.457200000
33.707574564,3.603459056,0.457200000,0.457200000
33.730236197,3.613814135,0.457200000,0.457200000
33.752879108,3.624210090,0.457200000,0.457200000
33.775503223,3.634646887,0.457200000,0.457200000
33.798108467,3.645124491,0.457200000,0.457200000
33.820694768,3.655642870,0.457200000,0.457200000
33.843262052,3.666201988,0.457200000,0.457200000
33.865810246,3.676801812,0.457200000,0.457200000
33.888339275,3.687442306,0.457200000,0.457200000
33.910849067,3.698123436,0.457200000,0.457200000
33.933301971,3.708834248,0.457200000,0.457200000
33.955730050,3.719596945,0.457200000,0.457200000
33.978133185,3.730411468,0.457200000,0.457200000
34.000511257,3.741277761,0.457200000,0.457200000
34.022864144,3.752195764,0.457200000,0.457200000
34.045191729,3.763165420,0.457200000,0.457200000
34.067493891,3.774186670,0.457200000,0.457200000
34.089770511,3.785259456,0.457200000,0.457200000
34.112021470,3.796383717,0.457200000,0.457200000
34.134246650,3.807559394,0.457200000,0.457200000
34.156445931,3.818786429,0.457200000,0.457200000
34.178619195,3.830064760,0.457200000,0.457200000
34.200766323,3.841394327,0.457200000,0.457200000
34.222887197,3.852775070,0.457200000,0.457200000
34.244981699,3.864206928,0.457200000,0.457200000
34.267049710,3.875689840,0.457200000,0.457200000
34.289091113,3.887223745,0.457200000,0.457200000
34.311105789,3.898808580,0.457200000,0.457200000
34.333093621,3.910444284,0.457200000,0.457200000
34.355054492,3.922130795,0.457200000,0.457200000
34.376988284,3.933868050,0.457200000,0.457200000
34.398894880,3.945655987,0.457200000,0.457200000
34.420774162,3.957494542,0.457200000,0.457200000
34.442626014,3.969383652,0.457200000,0.457200000
34.464450319,3.981323254,0.457200000,0.457200000
34.486246961,3.993313283,0.457200000,0.457200000
34.508015822,4.005353677,0.457200000,0.457200000
34.529756786,4.017444369,0.457200000,0.457200000
34.551469738,4.029585297,0.457200000,0.457200000
34.573154560,4.041776394,0.457200000,0.457200000
34.594811138,4.054017596,0.457200000,0.457200000
34.616439355,4.066308837,0.457200000,0.457200000
34.638039096,4.078650051,0.457200000,0.457200000
34.659610246,4.091041173,0.457200000,0.457200000
34.681152688,4.103482136,0.457200000,0.457200000
34.702666308,4.115972874,0.457200000,0.457200000
34.724150991,4.128513320,0.457200000,0.457200000
34.745606622,4.141103407,0.457200000,0.457200000
34.767033086,4.153743067,0.457200000,0.457200000
34.788430268,4.166432234,0.457200000,0.457200000
34.809798056,4.179170839,0.457200000,0.457200000
34.831136333,4.191958814,0.457200000,0.457200000
34.852444986,4.204796091,0.457200000,0.457200000
34.873723902,4.217682601,0.457200000,0.457200000
34.894972966,4.230618275,0.457200000,0.457200000
34.916192064,4.243603044,0.457200000,0.457200000
34.937381084,4.256636839,0.457200000,0.457200000
34.958539912,4.269719590,0.457200000,0.457200000
34.979668436,4.282851227,0.457200000,0.457200000
35.000766541,4.296031681,0.457200000,0.457200000
35.021834115,4.309260879,0.457200000,0.457200000
35.042871046,4.322538752,0.457200000,0.457200000
35.063877221,4.335865229,0.457200000,0.457200000
35.084852528,4.349240239,0.457200000,0.457200000
35.105796855,4.362663709,0.457200000,0.457200000
35.126710089,4.376135569,0.457200000,0.457200000
35.147592120,4.389655746,0.457200000,0.457200000
35.168442835,4.403224168,0.457200000,0.457200000
35.189262123,4.416840762,0.457200000,0.457200000
35.210049872,4.430505456,0.457200000,0.457200000
35.230805972,4.444218176,0.457200000,0.457200000
35.251530311,4.457978850,0.457200000,0.457200000
35.272222779,4.471787403,0.457200000,0.457200000
35.292883265,4.485643763,0.457200000,0.457200000
35.313511659,4.499547854,0.457200000,0.457200000
35.334107851,4.513499602,0.457200000,0.457200000
35.354671729,4.527498934,0.457200000,0.457200000
35.375203185,4.541545774,0.457200000,0.457200000
35.395702108,4.555640046,0.457200000,0.457200000
35.416168390,4.569781676,0.457200000,0.457200000
35.436601920,4.583970589,0.457200000,0.457200000
35.457002589,4.598206707,0.457200000,0.457200000
35.477370289,4.612489956,0.457200000,0.457200000
35.497704910,4.626820258,0.457200000,0.457200000
35.518006344,4.641197537,0.457200000,0.457200000
35.538274482,4.655621717,0.457200000,0.457200000
35.558509216,4.670092720,0.457200000,0.457200000
35.578710438,4.684610468,0.457200000,0.457200000
35.598878040,4.699174885,0.457200000,0.457200000
35.619011913,4.713785892,0.457200000,0.457200000
35.639111950,4.728443411,0.457200000,0.457200000
35.659178045,4.743147365,0.457200000,0.457200000
35.679210089,4.757897673,0.457200000,0.457200000
35.699207975,4.772694258,0.457200000,0.457200000
35.719171597,4.787537040,0.457200000,0.457200000
35.739100848,4.802425940,0.457200000,0.457200000
35.758995621,4.817360879,0.457200000,0.457200000
35.778855810,4.832341776,0.457200000,0.457200000
35.798681308,4.847368551,0.457200000,0.457200000
35.818472011,4.862441125,0.457200000,0.457200000
35.838227811,4.877559416,0.457200000,0.457200000
35.857948604,4.892723344,0.457200000,0.457200000
35.877634284,4.907932828,0.457200000,0.457200000
35.897284746,4.923187786,0.457200000,0.457200000
35.916899884,4.938488137,0.457200000,0.457200000
35.936479594,4.953833798,0.457200000,0.457200000
35.956023771,4.969224689,0.457200000,0.457200000
35.975532311,4.984660727,0.457200000,0.457200000
35.995005109,5.000141828,0.457200000,0.457200000
36.014442062,5.015667912,0.457200000,0.457200000
36.033843065,5.031238893,0.457200000,0.457200000
36.053208015,5.046854690,0.457200000,0.457200000
36.072536807,5.062515218,0.457200000,0.457200000
36.091829340,5.078220395,0.457200000,0.457200000
36.111085509,5.093970135,0.457200000,0.457200000
36.130305212,5.109764356,0.457200000,0.457200000
36.149488346,5.125602972,0.457200000,0.457200000
36.168634809,5.141485898,0.457200000,0.457200000
36.187744497,5.157413051,0.457200000,0.457200000
36.206817310,5.173384344,0.457200000,0.457200000
36.225853145,5.189399692,0.457200000,0.457200000
36.244851899,5.205459010,0.457200000,0.457200000
36.263813473,5.221562212,0.457200000,0.457200000
36.282737764,5.237709212,0.457200000,0.457200000
36.301624671,5.253899923,0.457200000,0.457200000
36.320474093,5.270134259,0.457200000,0.457200000
36.339285929,5.286412134,0.457200000,0.457200000
36.358060079,5.302733459,0.457200000,0.457200000
36.376796443,5.319098148,0.457200000,0.457200000
36.395494920,5.335506114,0.457200000,0.457200000
36.414155411,5.351957268,0.457200000,0.457200000
36.432777815,5.368451523,0.457200000,0.457200000
36.451362033,5.384988791,0.457200000,0.457200000
36.469907966,5.401568982,0.457200000,0.457200000
36.488415515,5.418192009,0.457200000,0.457200000
36.506884580,5.434857783,0.457200000,0.457200000
36.525385979,5.451646145,0.457200000,0.457200000
36.543832892,5.468494359,0.457200000,0.457200000
36.562225124,5.485402248,0.457200000,0.457200000
36.580562483,5.502369633,0.457200000,0.457200000
36.598844775,5.519396338,0.457200000,0.457200000
36.617071810,5.536482182,0.457200000,0.457200000
36.635243396,5.553626988,0.457200000,0.457200000
36.653359342,5.570830575,0.457200000,0.457200000
36.671419457,5.588092763,0.457200000,0.457200000
36.689423554,5.605413369,0.457200000,0.457200000
36.707371441,5.622792213,0.457200000,0.457200000
36.725262932,5.640229113,0.457200000,0.457200000
36.743097838,5.657723884,0.457200000,0.457200000
36.760875972,5.675276344,0.457200000,0.457200000
36.778597147,5.692886308,0.457200000,0.457200000
36.796261178,5.710553591,0.457200000,0.457200000
36.813867879,5.728278009,0.457200000,0.457200000
36.831417065,5.746059374,0.457200000,0.457200000
36.848908553,5.763897501,0.457200000,0.457200000
36.866342158,5.781792201,0.457200000,0.457200000
36.883717697,5.799743288,0.457200000,0.457200000
36.901034989,5.817750573,0.457200000,0.457200000
36.918293850,5.835813867,0.457200000,0.457200000
36.935494102,5.853932980,0.457200000,0.457200000
36.952635562,5.872107722,0.457200000,0.457200000
36.969718050,5.890337902,0.457200000,0.457200000
36.986741388,5.908623329,0.457200000,0.457200000
37.003705397,5.926963812,0.457200000,0.457200000
37.020609899,5.945359156,0.457200000,0.457200000
37.037454716,5.963809171,0.457200000,0.457200000
37.054239672,5.982313661,0.457200000,0.457200000
37.070964590,6.000872433,0.457200000,0.457200000
37.087629295,6.019485291,0.457200000,0.457200000
37.104233612,6.038152041,0.457200000,0.457200000
37.120777366,6.056872487,0.457200000,0.457200000
37.137260385,6.075646431,0.457200000,0.457200000
37.153682494,6.094473678,0.457200000,0.457200000
37.170043522,6.113354029,0.457200000,0.457200000
37.186343297,6.132287286,0.457200000,0.457200000
37.202581648,6.151273251,0.457200000,0.457200000
37.218758404,6.170311724,0.457200000,0.457200000
37.234873396,6.189402505,0.457200000,0.457200000
37.250926454,6.208545394,0.457200000,0.457200000
37.266917411,6.227740191,0.457200000,0.457200000
37.282846097,6.246986693,0.457200000,0.457200000
37.298712346,6.266284699,0.457200000,0.457200000
37.314515992,6.285634006,0.457200000,0.457200000
37.330256868,6.305034410,0.457200000,0.457200000
37.345934810,6.324485710,0.457200000,0.457200000
37.361549652,6.343987699,0.457200000,0.457200000
37.377101232,6.363540174,0.457200000,0.457200000
37.392589385,6.383142929,0.457200000,0.457200000
37.408013949,6.402795759,0.457200000,0.457200000
37.423374762,6.422498457,0.457200000,0.457200000
37.438671663,6.442250816,0.457200000,0.457200000
37.453904492,6.462052630,0.457200000,0.457200000
37.469073088,6.481903690,0.457200000,0.457200000
37.484177292,6.501803788,0.457200000,0.457200000
37.499216947,6.521752715,0.457200000,0.457200000
37.514191893,6.541750262,0.457200000,0.457200000
37.529101974,6.561796218,0.457200000,0.457200000
37.543947033,6.581890374,0.457200000,0.457200000
37.558726915,6.602032519,0.457200000,0.457200000
37.573441464,6.622222441,0.457200000,0.457200000
37.588090526,6.642459928,0.457200000,0.457200000
37.602673947,6.662744767,0.457200000,0.457200000
37.617191575,6.683076747,0.457200000,0.457200000
37.631643255,6.703455653,0.457200000,0.457200000
37.646028838,6.723881272,0.457200000,0.457200000
37.660348172,6.744353388,0.457200000,0.457200000
37.674601107,6.764871789,0.457200000,0.457200000
37.688787493,6.785436257,0.457200000,0.457200000
37.702907181,6.806046577,0.457200000,0.457200000
37.716960023,6.826702533,0.457200000,0.457200000
37.730945872,6.847403908,0.457200000,0.457200000
37.744864580,6.868150485,0.457200000,0.457200000
37.758716002,6.888942046,0.457200000,0.457200000
37.772499992,6.909778372,0.457200000,0.457200000
37.786216406,6.930659246,0.457200000,0.457200000
37.799865100,6.951584447,0.457200000,0.457200000
37.813445930,6.972553757,0.457200000,0.457200000
37.826958754,6.993566955,0.457200000,0.457200000
37.840403429,7.014623821,0.457200000,0.457200000
37.853779816,7.035724133,0.457200000,0.457200000
37.867087773,7.056867670,0.457200000,0.457200000
37.880327161,7.078054210,0.457200000,0.457200000
37.893497841,7.099283532,0.457200000,0.457200000
37.906599675,7.120555411,0.457200000,0.457200000
37.919632524,7.141869625,0.457200000,0.457200000
37.932596253,7.163225950,0.457200000,0.457200000
37.945490725,7.184624163,0.457200000,0.457200000
37.958315805,7.206064037,0.457200000,0.457200000
37.971071359,7.227545349,0.457200000,0.457200000
37.983757252,7.249067872,0.457200000,0.457200000
37.996205879,7.270600277,0.457200000,0.457200000
38.008360518,7.292299990,0.457200000,0.457200000
38.020218921,7.314162997,0.457200000,0.457200000
38.031778894,7.336185255,0.457200000,0.457200000
38.043038299,7.358362689,0.457200000,0.457200000
38.053995054,7.380691198,0.457200000,0.457200000
38.064647131,7.403166652,0.457200000,0.457200000
38.074992562,7.425784893,0.457200000,0.457200000
38.085029432,7.448541739,0.457200000,0.457200000
38.094755884,7.471432980,0.457200000,0.457200000
38.104170120,7.494454383,0.457200000,0.457200000
38.113270399,7.517601687,0.457200000,0.457200000
38.122055037,7.540870614,0.457200000,0.457200000
38.130522409,7.564256858,0.457200000,0.457200000
38.138670949,7.587756093,0.457200000,0.457200000
38.146499150,7.611363975,0.457200000,0.457200000
38.154005564,7.635076135,0.457200000,0.457200000
38.161188803,7.658888188,0.457200000,0.457200000
38.168047538,7.682795729,0.457200000,0.457200000
38.174580501,7.706794338,0.457200000,0.457200000
38.180786482,7.730879573,0.457200000,0.457200000
38.186664335,7.755046982,0.457200000,0.457200000
38.192212972,7.779292093,0.457200000,0.457200000
38.197431366,7.803610423,0.457200000,0.457200000
38.202318553,7.827997473,0.457200000,0.457200000
38.206873628,7.852448732,0.457200000,0.457200000
38.211095749,7.876959678,0.457200000,0.457200000
38.214984135,7.901525778,0.457200000,0.457200000
38.218538068,7.926142487,0.457200000,0.457200000
38.221756888,7.950805252,0.457200000,0.457200000
38.224640002,7.975509512,0.457200000,0.457200000
38.227186875,8.000250696,0.457200000,0.457200000
38.229397038,8.025024230,0.457200000,0.457200000
38.231270080,8.049825531,0.457200000,0.457200000
38.232805656,8.074650011,0.457200000,0.457200000
38.234003481,8.099493078,0.457200000,0.457200000
38.234863335,8.124350138,0.457200000,0.457200000
38.235385057,8.149216594,0.457200000,0.457200000
38.235568552,8.174087845,0.457200000,0.457200000
38.235413785,8.198959291,0.457200000,0.457200000
38.234920785,8.223826332,0.457200000,0.457200000
38.234089643,8.248684369,0.457200000,0.457200000
38.232920514,8.273528804,0.457200000,0.457200000
38.231413613,8.298355041,0.457200000,0.457200000
38.229569218,8.323158488,0.457200000,0.457200000
38.227387672,8.347934558,0.457200000,0.457200000
38.224869378,8.372678668,0.457200000,0.457200000
38.222014801,8.397386241,0.457200000,0.457200000
38.218824469,8.422052708,0.457200000,0.457200000
38.215298973,8.446673506,0.457200000,0.457200000
38.211438964,8.471244080,0.457200000,0.457200000
38.207245157,8.495759887,0.457200000,0.457200000
38.202718328,8.520216391,0.457200000,0.457200000
38.197859312,8.544609070,0.457200000,0.457200000
38.192669011,8.568933410,0.457200000,0.457200000
38.187148382,8.593184915,0.457200000,0.457200000
38.181298448,8.617359096,0.457200000,0.457200000
38.175120290,8.641451484,0.457200000,0.457200000
38.168615052,8.665457622,0.457200000,0.457200000
38.161783936,8.689373070,0.457200000,0.457200000
38.154628206,8.713193404,0.457200000,0.457200000
38.147149186,8.736914219,0.457200000,0.457200000
38.139348258,8.760531127,0.457200000,0.457200000
38.131226866,8.784039759,0.457200000,0.457200000
38.122786512,8.807435767,0.457200000,0.457200000
38.114028757,8.830714825,0.457200000,0.457200000
38.104955221,8.853872625,0.457200000,0.457200000
38.095567582,8.876904886,0.457200000,0.457200000
38.085867577,8.899807346,0.457200000,0.457200000
38.075856999,8.922575770,0.457200000,0.457200000
38.065537701,8.945205947,0.457200000,0.457200000
38.054911590,8.967693689,0.457200000,0.457200000
38.043980633,8.990034839,0.457200000,0.457200000
38.032746852,9.012225264,0.457200000,0.457200000
38.021212323,9.034260859,0.457200000,0.457200000
38.009379181,9.056137548,0.457200000,0.457200000
37.997249615,9.077851286,0.457200000,0.457200000
37.984825867,9.099398055,0.457200000,0.457200000
37.972110236,9.120773872,0.457200000,0.457200000
37.959105074,9.141974781,0.457200000,0.457200000
37.945812785,9.162996861,0.457200000,0.457200000
37.932235830,9.183836225,0.457200000,0.457200000
37.918376719,9.204489017,0.457200000,0.457200000
37.904238015,9.224951418,0.457200000,0.457200000
37.889822333,9.245219642,0.457200000,0.457200000
37.875132341,9.265289941,0.457200000,0.457200000
37.860170754,9.285158603,0.457200000,0.457200000
37.844940342,9.304821953,0.457200000,0.457200000
37.829443919,9.324276353,0.457200000,0.457200000
37.813684354,9.343518205,0.457200000,0.457200000
37.797664560,9.362543951,0.457200000,0.457200000
37.781387501,9.381350071,0.457200000,0.457200000
37.764856187,9.399933086,0.457200000,0.457200000
37.748073676,9.418289560,0.457200000,0.457200000
37.731043073,9.436416097,0.457200000,0.457200000
37.713767527,9.454309345,0.457200000,0.457200000
37.696250234,9.471965993,0.457200000,0.457200000
37.678494434,9.489382777,0.457200000,0.457200000
37.660503411,9.506556474,0.457200000,0.457200000
37.642280492,9.523483908,0.457200000,0.457200000
37.623829048,9.540161948,0.457200000,0.457200000
37.605152493,9.556587510,0.457200000,0.457200000
37.586254280,9.572757554,0.457200000,0.457200000
37.567137905,9.588669091,0.457200000,0.457200000
37.547806904,9.604319177,0.457200000,0.457200000
37.528264853,9.619704918,0.457200000,0.457200000
37.508515365,9.634823467,0.457200000,0.457200000
37.488562094,9.649672028,0.457200000,0.457200000
37.468408731,9.664247856,0.457200000,0.457200000
37.448059003,9.678548253,0.457200000,0.457200000
37.427516674,9.692570575,0.457200000,0.457200000
37.406785544,9.706312228,0.457200000,0.457200000
37.385869447,9.719770671,0.457200000,0.457200000
37.364772252,9.732943414,0.457200000,0.457200000
37.343497861,9.745828020,0.457200000,0.457200000
37.322050209,9.758422108,0.457200000,0.457200000
37.300433264,9.770723346,0.457200000,0.457200000
37.278651023,9.782729460,0.457200000,0.457200000
37.256707515,9.794438229,0.457200000,0.457200000
37.234606800,9.805847487,0.457200000,0.457200000
37.212352965,9.816955124,0.457200000,0.457200000
37.190016173,9.828104878,0.457200000,0.457200000
37.167833664,9.839558505,0.457200000,0.457200000
37.145809571,9.851313872,0.457200000,0.457200000
37.123948000,9.863368788,0.457200000,0.457200000
37.102253024,9.875721006,0.457200000,0.457200000
37.080728685,9.888368224,0.457200000,0.457200000
37.059378995,9.901308086,0.457200000,0.457200000
37.038207932,9.914538180,0.457200000,0.457200000
37.017219442,9.928056041,0.457200000,0.457200000
36.996417435,9.941859150,0.457200000,0.457200000
36.975805789,9.955944934,0.457200000,0.457200000
36.955388344,9.970310770,0.457200000,0.457200000
36.935168905,9.984953978,0.457200000,0.457200000
36.915151239,9.999871832,0.457200000,0.457200000
36.895339078,10.015061551,0.457200000,0.457200000
36.875736113,10.030520304,0.457200000,0.457200000
36.856345997,10.046245211,0.457200000,0.457200000
36.837172343,10.062233341,0.457200000,0.457200000
36.818218725,10.078481714,0.457200000,0.457200000
36.799488675,10.094987304,0.457200000,0.457200000
36.780985682,10.111747034,0.457200000,0.457200000
36.762713195,10.128757781,0.457200000,0.457200000
36.744674619,10.146016375,0.457200000,0.457200000
36.726873316,10.163519600,0.457200000,0.457200000
36.709312602,10.181264195,0.457200000,0.457200000
36.691995750,10.199246851,0.457200000,0.457200000
36.674925988,10.217464219,0.457200000,0.457200000
36.658106496,10.235912904,0.457200000,0.457200000
36.641540408,10.254589467,0.457200000,0.457200000
36.625230811,10.273490429,0.457200000,0.457200000
36.609180746,10.292612267,0.457200000,0.457200000
36.593393202,10.311951418,0.457200000,0.457200000
36.577871122,10.331504277,0.457200000,0.457200000
36.562617398,10.351267202,0.457200000,0.457200000
36.547634873,10.371236509,0.457200000,0.457200000
36.532926338,10.391408478,0.457200000,0.457200000
36.518494536,10.411779348,0.457200000,0.457200000
36.504342154,10.432345325,0.457200000,0.457200000
36.490471831,10.453102575,0.457200000,0.457200000
36.476886151,10.474047230,0.457200000,0.457200000
36.463587646,10.495175388,0.457200000,0.457200000
36.450578794,10.516483111,0.457200000,0.457200000
36.437862019,10.537966428,0.457200000,0.457200000
36.425439691,10.559621336,0.457200000,0.457200000
36.413314125,10.581443800,0.457200000,0.457200000
36.401487580,10.603429753,0.457200000,0.457200000
36.389962261,10.625575098,0.457200000,0.457200000
36.378740315,10.647875708,0.457200000,0.457200000
36.367823833,10.670327428,0.457200000,0.457200000
36.357214850,10.692926073,0.457200000,0.457200000
36.346915342,10.715667433,0.457200000,0.457200000
36.336927229,10.738547268,0.457200000,0.457200000
36.327252372,10.761561317,0.457200000,0.457200000
36.317892574,10.784705290,0.457200000,0.457200000
36.308849580,10.807974874,0.457200000,0.457200000
36.300125074,10.831365733,0.457200000,0.457200000
36.291720682,10.854873508,0.457200000,0.457200000
36.283637971,10.878493819,0.457200000,0.457200000
36.275878446,10.902222263,0.457200000,0.457200000
36.268443554,10.926054419,0.457200000,0.457200000
36.261334680,10.949985846,0.457200000,0.457200000
36.254553149,10.974012084,0.457200000,0.457200000
36.248100224,10.998128656,0.457200000,0.457200000
36.241977109,11.022331068,0.457200000,0.457200000
36.236184943,11.046614810,0.457200000,0.457200000
36.230724807,11.070975356,0.457200000,0.457200000
36.225597718,11.095408167,0.457200000,0.457200000
36.220804632,11.119908690,0.457200000,0.457200000
36.216346441,11.144472358,0.457200000,0.457200000
36.212223976,11.169094596,0.457200000,0.457200000
36.208438006,11.193770814,0.457200000,0.457200000
36.204989237,11.218496413,0.457200000,0.457200000
36.201878310,11.243266787,0.457200000,0.457200000
36.199105805,11.268077319,0.457200000,0.457200000
36.196672240,11.292923386,0.457200000,0.457200000
36.194578067,11.317800358,0.457200000,0.457200000
36.192823678,11.342703599,0.457200000,0.457200000
36.191409398,11.367628468,0.457200000,0.457200000
36.190335491,11.392570321,0.457200000,0.457200000
36.189602158,11.417524509,0.457200000,0.457200000
36.189209536,11.442486383,0.457200000,0.457200000
36.189157696,11.467451290,0.457200000,0.457200000
36.189446650,11.492414579,0.457200000,0.457200000
36.190076343,11.517371598,0.457200000,0.457200000
36.191046657,11.542317695,0.457200000,0.457200000
36.192357413,11.567248223,0.457200000,0.457200000
36.194008366,11.592158535,0.457200000,0.457200000
36.195999207,11.617043989,0.457200000,0.457200000
36.198329567,11.641899949,0.457200000,0.457200000
36.200999010,11.666721781,0.457200000,0.457200000
36.204007040,11.691504861,0.457200000,0.457200000
36.207353095,11.716244570,0.457200000,0.457200000
36.211036553,11.740936298,0.457200000,0.457200000
36.215056727,11.765575443,0.457200000,0.457200000
36.219412868,11.790157415,0.457200000,0.457200000
36.224104163,11.814677632,0.457200000,0.457200000
36.229129740,11.839131525,0.457200000,0.457200000
36.234488660,11.863514536,0.457200000,0.457200000
36.240179926,11.887822123,0.457200000,0.457200000
36.246202477,11.912049756,0.457200000,0.457200000
36.252555191,11.936192918,0.457200000,0.457200000
36.259236884,11.960247113,0.457200000,0.457200000
36.266246310,11.984207856,0.457200000,0.457200000
36.273582164,12.008070684,0.457200000,0.457200000
36.281243079,12.031831149,0.457200000,0.457200000
36.289227626,12.055484823,0.457200000,0.457200000
36.297534318,12.079027298,0.457200000,0.457200000
36.306161608,12.102454188,0.457200000,0.457200000
36.315107887,12.125761126,0.457200000,0.457200000
36.324371488,12.148943770,0.457200000,0.457200000
36.333950684,12.171997800,0.457200000,0.457200000
36.343843692,12.194918919,0.457200000,0.457200000
36.354048667,12.217702856,0.457200000,0.457200000
36.364563708,12.240345364,0.457200000,0.457200000
36.375386854,12.262842226,0.457200000,0.457200000
36.386516090,12.285189248,0.457200000,0.457200000
36.397949342,12.307382266,0.457200000,0.457200000
36.409684477,12.329417145,0.457200000,0.457200000
36.421719311,12.351289778,0.457200000,0.457200000
36.434051600,12.372996089,0.457200000,0.457200000
36.446679046,12.394532033,0.457200000,0.457200000
36.459599296,12.415893598,0.457200000,0.457200000
36.472809942,12.437076801,0.457200000,0.457200000
36.486308522,12.458077697,0.457200000,0.457200000
36.500092522,12.478892371,0.457200000,0.457200000
36.514159372,12.499516944,0.457200000,0.457200000
36.528506450,12.519947574,0.457200000,0.457200000
36.543131084,12.540180452,0.457200000,0.457200000
36.558030548,12.560211809,0.457200000,0.457200000
36.573202066,12.580037912,0.457200000,0.457200000
36.588642810,12.599655065,0.457200000,0.457200000
36.604349903,12.619059614,0.457200000,0.457200000
36.620320418,12.638247942,0.457200000,0.457200000
36.636551379,12.657216474,0.457200000,0.457200000
36.653039761,12.675961675,0.457200000,0.457200000
36.669782492,12.694480051,0.457200000,0.457200000
36.686776451,12.712768152,0.457200000,0.457200000
36.704018472,12.730822570,0.457200000,0.457200000
36.721505342,12.748639940,0.457200000,0.457200000
36.739233801,12.766216942,0.457200000,0.457200000
36.757200547,12.783550301,0.457200000,0.457200000
36.775402232,12.800636786,0.457200000,0.457200000
36.793835462,12.817473214,0.457200000,0.457200000
36.812496804,12.834056446,0.457200000,0.457200000
36.831382780,12.850383394,0.457200000,0.457200000
36.850489870,12.866451013,0.457200000,0.457200000
36.869814514,12.882256311,0.457200000,0.457200000
36.889353111,12.897796341,0.457200000,0.457200000
36.909102019,12.913068208,0.457200000,0.457200000
36.929057558,12.928069065,0.457200000,0.457200000
36.949216011,12.942796118,0.457200000,0.457200000
36.969573619,12.957246623,0.457200000,0.457200000
36.990126590,12.971417885,0.457200000,0.457200000
37.010871093,12.985307265,0.457200000,0.457200000
37.031803263,12.998912174,0.457200000,0.457200000
37.052919199,13.012230076,0.457200000,0.457200000
37.074214967,13.025258491,0.457200000,0.457200000
37.095686596,13.037994990,0.457200000,0.457200000
37.117330087,13.050437200,0.457200000,0.457200000
37.139141407,13.062582801,0.457200000,0.457200000
37.161116489,13.074429532,0.457200000,0.457200000
37.183251241,13.085975184,0.457200000,0.457200000
37.205541536,13.097217605,0.457200000,0.457200000
37.227983221,13.108154701,0.457200000,0.457200000
37.250572113,13.118784433,0.457200000,0.457200000
37.273304005,13.129104822,0.457200000,0.457200000
37.296174658,13.139113942,0.457200000,0.457200000
37.319179812,13.148809930,0.457200000,0.457200000
37.342315180,13.158190978,0.457200000,0.457200000
37.365576449,13.167255338,0.457200000,0.457200000
37.388959286,13.176001322,0.457200000,0.457200000
37.412459333,13.184427298,0.457200000,0.457200000
37.436072211,13.192531698,0.457200000,0.457200000
37.459793519,13.200313011,0.457200000,0.457200000
37.483618837,13.207769786,0.457200000,0.457200000
37.507543726,13.214900635,0.457200000,0.457200000
37.531563726,13.221704228,0.457200000,0.457200000
37.555674362,13.228179297,0.457200000,0.457200000
37.579871141,13.234324636,0.457200000,0.457200000
37.604149553,13.240139100,0.457200000,0.457200000
37.628505074,13.245621606,0.457200000,0.457200000
37.652933166,13.250771131,0.457200000,0.457200000
37.677429277,13.255586715,0.457200000,0.457200000
37.701988841,13.260067462,0.457200000,0.457200000
37.726607282,13.264212537,0.457200000,0.457200000
37.751280013,13.268021167,0.457200000,0.457200000
37.776002435,13.271492642,0.457200000,0.457200000
37.800769941,13.274626316,0.457200000,0.457200000
37.825577917,13.277421604,0.457200000,0.457200000
37.850421739,13.279877986,0.457200000,0.457200000
37.875296777,13.281995004,0.457200000,0.457200000
37.900198396,13.283772263,0.457200000,0.457200000
37.925121956,13.285209432,0.457200000,0.457200000
37.950062812,13.286306243,0.457200000,0.457200000
37.975016316,13.287062493,0.457200000,0.457200000
37.999977819,13.287478039,0.457200000,0.457200000
38.024942668,13.287552805,0.457200000,0.457200000
38.049906212,13.287286777,0.457200000,0.457200000
38.074863798,13.286680003,0.457200000,0.457200000
38.099810776,13.285732599,0.457200000,0.457200000
38.124742497,13.284444739,0.457200000,0.457200000
38.149654315,13.282816663,0.457200000,0.457200000
38.174541587,13.280848676,0.457200000,0.457200000
38.199399676,13.278541144,0.457200000,0.457200000
38.224223949,13.275894497,0.457200000,0.457200000
38.249009781,13.272909229,0.457200000,0.457200000
38.273752552,13.269585894,0.457200000,0.457200000
38.298447653,13.265925114,0.457200000,0.457200000
38.323090480,13.261927569,0.457200000,0.457200000
38.347676441,13.257594005,0.457200000,0.457200000
38.372200956,13.252925230,0.457200000,0.457200000
38.396659454,13.247922113,0.457200000,0.457200000
38.421047377,13.242585587,0.457200000,0.457200000
38.445360180,13.236916646,0.457200000,0.457200000
38.469593333,13.230916348,0.457200000,0.457200000
38.493742320,13.224585808,0.457200000,0.457200000
38.517802640,13.217926209,0.457200000,0.457200000
38.541769811,13.210938790,0.457200000,0.457200000
38.565639365,13.203624853,0.457200000,0.457200000
38.589406855,13.195985763,0.457200000,0.457200000
38.613067852,13.188022941,0.457200000,0.457200000
38.636617946,13.179737873,0.457200000,0.457200000
38.660052749,13.171132101,0.457200000,0.457200000
38.683367893,13.162207230,0.457200000,0.457200000
38.706559035,13.152964923,0.457200000,0.457200000
38.729621852,13.143406902,0.457200000,0.457200000
38.752552046,13.133534948,0.457200000,0.457200000
38.775345345,13.123350901,0.457200000,0.457200000
38.797997501,13.112856659,0.457200000,0.457200000
38.820504293,13.102054177,0.457200000,0.457200000
38.842861526,13.090945468,0.457200000,0.457200000
38.865065035,13.079532603,0.457200000,0.457200000
38.887110681,13.067817708,0.457200000,0.457200000
38.908994357,13.055802966,0.457200000,0.457200000
38.930711984,13.043490616,0.457200000,0.457200000
38.952259516,13.030882953,0.457200000,0.457200000
38.973632937,13.017982326,0.457200000,0.457200000
38.994828264,13.004791140,0.457200000,0.457200000
39.015841547,12.991311851,0.457200000,0.457200000
39.036668871,12.977546973,0.457200000,0.457200000
39.057306354,12.963499070,0.457200000,0.457200000
39.077750150,12.949170760,0.457200000,0.457200000
39.097996451,12.934564713,0.457200000,0.457200000
39.118041482,12.919683651,0.457200000,0.457200000
39.137881509,12.904530347,0.457200000,0.457200000
39.157512834,12.889107625,0.457200000,0.457200000
39.176931800,12.873418359,0.457200000,0.457200000
39.196134786,12.857465472,0.457200000,0.457200000
39.215118216,12.841251938,0.457200000,0.457200000
39.233878551,12.824780778,0.457200000,0.457200000
39.252412295,12.808055060,0.457200000,0.457200000
39.270715995,12.791077903,0.457200000,0.457200000
39.288786240,12.773852470,0.457200000,0.457200000
39.306684162,12.756414154,0.457200000,0.457200000
39.324438519,12.738829692,0.457200000,0.457200000
39.342048116,12.721100266,0.457200000,0.457200000
39.359511771,12.703227067,0.457200000,0.457200000
39.376828309,12.685211296,0.457200000,0.457200000
39.393996566,12.667054164,0.457200000,0.457200000
39.411015389,12.648756893,0.457200000,0.457200000
39.427883634,12.630320711,0.457200000,0.457200000
39.444600166,12.611746858,0.457200000,0.457200000
39.461163863,12.593036582,0.457200000,0.457200000
39.477573611,12.574191140,0.457200000,0.457200000
39.493828307,12.555211800,0.457200000,0.457200000
39.509926858,12.536099838,0.457200000,0.457200000
39.525868183,12.516856536,0.457200000,0.457200000
39.541651210,12.497483190,0.457200000,0.457200000
39.557274879,12.477981101,0.457200000,0.457200000
39.572738138,12.458351580,0.457200000,0.457200000
39.588039949,12.438595947,0.457200000,0.457200000
39.603179283,12.418715528,0.457200000,0.457200000
39.618155124,12.398711661,0.457200000,0.457200000
39.632966463,12.378585690,0.457200000,0.457200000
39.647612306,12.358338968,0.457200000,0.457200000
39.662091668,12.337972855,0.457200000,0.457200000
39.676403576,12.317488721,0.457200000,0.457200000
39.690547068,12.296887941,0.457200000,0.457200000
39.704521194,12.276171902,0.457200000,0.457200000
39.718325014,12.255341994,0.457200000,0.457200000
39.731957601,12.234399619,0.457200000,0.457200000
39.745418037,12.213346184,0.457200000,0.457200000
39.758705419,12.192183104,0.457200000,0.457200000
39.771818853,12.170911801,0.457200000,0.457200000
39.784757458,12.149533705,0.457200000,0.457200000
39.797520365,12.128050254,0.457200000,0.457200000
39.810106715,12.106462890,0.457200000,0.457200000
39.822515662,12.084773065,0.457200000,0.457200000
39.834746373,12.062982237,0.457200000,0.457200000
39.846798025,12.041091870,0.457200000,0.457200000
39.858669809,12.019103436,0.457200000,0.457200000
39.870360926,11.997018412,0.457200000,0.457200000
39.881870590,11.974838283,0.457200000,0.457200000
39.893198029,11.952564541,0.457200000,0.457200000
39.904342480,11.930198681,0.457200000,0.457200000
39.915303195,11.907742207,0.457200000,0.457200000
39.926079437,11.885196629,0.457200000,0.457200000
39.936670481,11.862563461,0.457200000,0.457200000
39.947075616,11.839844226,0.457200000,0.457200000
39.957294142,11.817040450,0.457200000,0.457200000
39.967325373,11.794153666,0.457200000,0.457200000
39.977168635,11.771185412,0.457200000,0.457200000
39.986823265,11.748137232,0.457200000,0.457200000
39.996288614,11.725010675,0.457200000,0.457200000
40.005564048,11.701807296,0.457200000,0.457200000
40.014648942,11.678528653,0.457200000,0.457200000
40.023542685,11.655176313,0.457200000,0.457200000
40.032244680,11.631751843,0.457200000,0.457200000
40.040754341,11.608256819,0.457200000,0.457200000
40.049071098,11.584692821,0.457200000,0.457200000
40.057194391,11.561061431,0.457200000,0.457200000
40.065123674,11.537364237,0.457200000,0.457200000
40.072858413,11.513602834,0.457200000,0.457200000
40.080398090,11.489778818,0.457200000,0.457200000
40.087742197,11.465893790,0.457200000,0.457200000
40.094890241,11.441949355,0.457200000,0.457200000
40.101841741,11.417947123,0.457200000,0.457200000
40.108596230,11.393888708,0.457200000,0.457200000
40.115153255,11.369775725,0.457200000,0.457200000
40.121512373,11.345609797,0.457200000,0.457200000
40.127673159,11.321392547,0.457200000,0.457200000
40.133635197,11.297125603,0.457200000,0.457200000
40.139398087,11.272810595,0.457200000,0.457200000
40.144961443,11.248449159,0.457200000,0.457200000
40.150324889,11.224042932,0.457200000,0.457200000
40.155488065,11.199593554,0.457200000,0.457200000
40.160476164,11.175234521,0.457200000,0.457200000
40.165364866,11.150855344,0.457200000,0.457200000
40.170154088,11.126456430,0.457200000,0.457200000
40.174843752,11.102038185,0.457200000,0.457200000
40.179433780,11.077601015,0.457200000,0.457200000
40.183924095,11.053145326,0.457200000,0.457200000
40.188314622,11.028671526,0.457200000,0.457200000
40.192605289,11.004180020,0.457200000,0.457200000
40.196796023,10.979671218,0.457200000,0.457200000
40.200886756,10.955145527,0.457200000,0.457200000
40.204877419,10.930603354,0.457200000,0.457200000
40.208767946,10.906045108,0.457200000,0.457200000
40.212558272,10.881471197,0.457200000,0.457200000
40.216248334,10.856882031,0.457200000,0.457200000
40.219838071,10.832278019,0.457200000,0.457200000
40.223327422,10.807659569,0.457200000,0.457200000
40.226716331,10.783027092,0.457200000,0.457200000
40.230004740,10.758380996,0.457200000,0.457200000
40.233192595,10.733721693,0.457200000,0.457200000
40.236279842,10.709049593,0.457200000,0.457200000
40.239266431,10.684365105,0.457200000,0.457200000
40.242152312,10.659668641,0.457200000,0.457200000
40.244937436,10.634960612,0.457200000,0.457200000
40.247621758,10.610241428,0.457200000,0.457200000
40.250205232,10.585511500,0.457200000,0.457200000
40.252687816,10.560771241,0.457200000,0.457200000
40.255069469,10.536021062,0.457200000,0.457200000
40.257350150,10.511261374,0.457200000,0.457200000
40.259529823,10.486492590,0.457200000,0.457200000
40.261608449,10.461715121,0.457200000,0.457200000
40.263585996,10.436929380,0.457200000,0.457200000
40.265462430,10.412135780,0.457200000,0.457200000
40.267237720,10.387334731,0.457200000,0.457200000
40.268911836,10.362526648,0.457200000,0.457200000
40.270484751,10.337711944,0.457200000,0.457200000
40.271956438,10.312891029,0.457200000,0.457200000
40.273326873,10.288064319,0.457200000,0.457200000
40.274596032,10.263232225,0.457200000,0.457200000
40.275763896,10.238395161,0.457200000,0.457200000
40.276830445,10.213553541,0.457200000,0.457200000
40.277795660,10.188707776,0.457200000,0.457200000
40.278659526,10.163858282,0.457200000,0.457200000
40.279422028,10.139005470,0.457200000,0.457200000
40.280083153,10.114149756,0.457200000,0.457200000
40.280642892,10.089291551,0.457200000,0.457200000
40.281101234,10.064431270,0.457200000,0.457200000
40.281458171,10.039569327,0.457200000,0.457200000
40.281713698,10.014706134,0.457200000,0.457200000
40.281867811,9.989842106,0.457200000,0.457200000
40.281920507,9.964977656,0.457200000,0.457200000
40.281871785,9.940113198,0.457200000,0.457200000
40.281721645,9.915249146,0.457200000,0.457200000
40.281470091,9.890385912,0.457200000,0.457200000
40.281117127,9.865523912,0.457200000,0.457200000
40.280662758,9.840663558,0.457200000,0.457200000
40.280106992,9.815805265,0.457200000,0.457200000
40.279449839,9.790949444,0.457200000,0.457200000
40.278691308,9.766096512,0.457200000,0.457200000
40.277831414,9.741246879,0.457200000,0.457200000
40.276870169,9.716400961,0.457200000,0.457200000
40.275807591,9.691559170,0.457200000,0.457200000
40.274643696,9.666721920,0.457200000,0.457200000
40.273378504,9.641889624,0.457200000,0.457200000
40.272012037,9.617062695,0.457200000,0.457200000
40.270544317,9.592241546,0.457200000,0.457200000
40.268975368,9.567426590,0.457200000,0.457200000
40.267305216,9.542618240,0.457200000,0.457200000
40.265533890,9.517816908,0.457200000,0.457200000
40.263661418,9.493023008,0.457200000,0.457200000
40.261687832,9.468236951,0.457200000,0.457200000
40.259613165,9.443459151,0.457200000,0.457200000
40.257437451,9.418690018,0.457200000,0.457200000
40.255160726,9.393929966,0.457200000,0.457200000
40.252783029,9.369179407,0.457200000,0.457200000
40.250304399,9.344438751,0.457200000,0.457200000
40.247724876,9.319708412,0.457200000,0.457200000
40.245044505,9.294988799,0.457200000,0.457200000
40.242263329,9.270280324,0.457200000,0.457200000
40.239381395,9.245583400,0.457200000,0.457200000
40.236398751,9.220898435,0.457200000,0.457200000
40.233315446,9.196225841,0.457200000,0.457200000
40.230131532,9.171566029,0.457200000,0.457200000
40.226847062,9.146919409,0.457200000,0.457200000
40.223462090,9.122286390,0.457200000,0.457200000
40.219976672,9.097667383,0.457200000,0.457200000
40.216390868,9.073062797,0.457200000,0.457200000
40.212704735,9.048473042,0.457200000,0.457200000
40.208918336,9.023898526,0.457200000,0.457200000
40.205031734,8.999339659,0.457200000,0.457200000
40.201044993,8.974796848,0.457200000,0.457200000
40.196958180,8.950270503,0.457200000,0.457200000
40.192771362,8.925761032,0.457200000,0.457200000
40.188484609,8.901268841,0.457200000,0.457200000
40.184097993,8.876794339,0.457200000,0.457200000
40.179611587,8.852337933,0.457200000,0.457200000
40.175025464,8.827900030,0.457200000,0.457200000
40.170339702,8.803481035,0.457200000,0.457200000
40.165554379,8.779081357,0.457200000,0.457200000
40.160669574,8.754701399,0.457200000,0.457200000
40.155685368,8.730341569,0.457200000,0.457200000
40.150601844,8.706002271,0.457200000,0.457200000
40.145419087,8.681683910,0.457200000,0.457200000
40.140137183,8.657386891,0.457200000,0.457200000
40.134756219,8.633111618,0.457200000,0.457200000
40.129276287,8.608858495,0.457200000,0.457200000
40.123697476,8.584627925,0.457200000,0.457200000
40.118019879,8.560420312,0.457200000,0.457200000
40.112243591,8.536236058,0.457200000,0.457200000
40.106368708,8.512075565,0.457200000,0.457200000
40.100395328,8.487939237,0.457200000,0.457200000
40.094323550,8.463827473,0.457200000,0.457200000
40.088153475,8.439740675,0.457200000,0.457200000
40.081885206,8.415679245,0.457200000,0.457200000
40.075518846,8.391643581,0.457200000,0.457200000
40.069054503,8.367634085,0.457200000,0.457200000
40.062492283,8.343651155,0.457200000,0.457200000
40.055832296,8.319695191,0.457200000,0.457200000
40.049074652,8.295766591,0.457200000,0.457200000
40.042219465,8.271865754,0.457200000,0.457200000
40.035266847,8.247993076,0.457200000,0.457200000
40.028216914,8.224148955,0.457200000,0.457200000
40.021069785,8.200333788,0.457200000,0.457200000
40.013825577,8.176547971,0.457200000,0.457200000
40.006484412,8.152791899,0.457200000,0.457200000
39.999046411,8.129065968,0.457200000,0.457200000
39.991511699,8.105370573,0.457200000,0.457200000
39.983880400,8.081706108,0.457200000,0.457200000
39.976152641,8.058072966,0.457200000,0.457200000
39.968328552,8.034471541,0.457200000,0.457200000
39.960408262,8.010902225,0.457200000,0.457200000
39.952391902,7.987365411,0.457200000,0.457200000
39.944279608,7.963861490,0.457200000,0.457200000
39.936071512,7.940390852,0.457200000,0.457200000
39.927767753,7.916953890,0.457200000,0.457200000
39.919368467,7.893550991,0.457200000,0.457200000
39.910873795,7.870182547,0.457200000,0.457200000
39.902283879,7.846848945,0.457200000,0.457200000
39.893598860,7.823550574,0.457200000,0.457200000
39.884818884,7.800287821,0.457200000,0.457200000
39.875944097,7.777061074,0.457200000,0.457200000
39.866974645,7.753870718,0.457200000,0.457200000
39.857910679,7.730717141,0.457200000,0.457200000
39.848752350,7.707600726,0.457200000,0.457200000
39.839499809,7.684521858,0.457200000,0.457200000
39.830153210,7.661480922,0.457200000,0.457200000
39.820712710,7.638478300,0.457200000,0.457200000
39.811178465,7.615514376,0.457200000,0.457200000
39.801550633,7.592589532,0.457200000,0.457200000
39.791829375,7.569704148,0.457200000,0.457200000
39.782014853,7.546858606,0.457200000,0.457200000
39.772107230,7.524053285,0.457200000,0.457200000
39.762106671,7.501288565,0.457200000,0.457200000
39.752013342,7.478564826,0.457200000,0.457200000
39.741827410,7.455882444,0.457200000,0.457200000
39.731549047,7.433241797,0.457200000,0.457200000
39.721178421,7.410643262,0.457200000,0.457200000
39.710715707,7.388087215,0.457200000,0.457200000
39.700174465,7.365562774,0.457200000,0.457200000
39.689572003,7.343067085,0.457200000,0.457200000
39.678908398,7.320600315,0.457200000,0.457200000
39.668183729,7.298162631,0.457200000,0.457200000
39.657398076,7.275754196,0.457200000,0.457200000
39.646551518,7.253375179,0.457200000,0.457200000
39.635644137,7.231025744,0.457200000,0.457200000
39.624676012,7.208706056,0.457200000,0.457200000
39.613647224,7.186416281,0.457200000,0.457200000
39.602557855,7.164156584,0.457200000,0.457200000
39.591407988,7.141927129,0.457200000,0.457200000
39.580197704,7.119728080,0.457200000,0.457200000
39.568927087,7.097559602,0.457200000,0.457200000
39.557596220,7.075421859,0.457200000,0.457200000
39.546205186,7.053315014,0.457200000,0.457200000
39.534754071,7.031239231,0.457200000,0.457200000
39.523242958,7.009194674,0.457200000,0.457200000
39.511671933,6.987181505,0.457200000,0.457200000
39.500041081,6.965199888,0.457200000,0.457200000
39.488350489,6.943249984,0.457200000,0.457200000
39.476600243,6.921331956,0.457200000,0.457200000
39.464790430,6.899445966,0.457200000,0.457200000
39.452921137,6.877592177,0.457200000,0.457200000
39.440992451,6.855770750,0.457200000,0.457200000
39.429004463,6.833981845,0.457200000,0.457200000
39.416957259,6.812225625,0.457200000,0.457200000
39.404850929,6.790502251,0.457200000,0.457200000
39.392685562,6.768811882,0.457200000,0.457200000
39.380461249,6.747154680,0.457200000,0.457200000
39.368178081,6.725530805,0.457200000,0.457200000
39.355836146,6.703940416,0.457200000,0.457200000
39.343435539,6.682383674,0.457200000,0.457200000
39.330976348,6.660860737,0.457200000,0.457200000
39.318458668,6.639371765,0.457200000,0.457200000
39.305882591,6.617916917,0.457200000,0.457200000
39.293248209,6.596496352,0.457200000,0.457200000
39.280555616,6.575110227,0.457200000,0.457200000
39.267804906,6.553758702,0.457200000,0.457200000
39.254996174,6.532441934,0.457200000,0.457200000
39.242129513,6.511160081,0.457200000,0.457200000
39.229205020,6.489913300,0.457200000,0.457200000
39.216222789,6.468701749,0.457200000,0.457200000
39.203182918,6.447525584,0.457200000,0.457200000
39.190085501,6.426384961,0.457200000,0.457200000
39.176930637,6.405280038,0.457200000,0.457200000
39.163718422,6.384210971,0.457200000,0.457200000
39.150448954,6.363177915,0.457200000,0.457200000
39.137122332,6.342181025,0.457200000,0.457200000
39.123738653,6.321220458,0.457200000,0.457200000
39.110298018,6.300296368,0.457200000,0.457200000
39.096800524,6.279408910,0.457200000,0.457200000
39.083246273,6.258558239,0.457200000,0.457200000
39.069635365,6.237744508,0.457200000,0.457200000
39.055967899,6.216967872,0.457200000,0.457200000
39.042243978,6.196228484,0.457200000,0.457200000
39.028463702,6.175526498,0.457200000,0.457200000
39.014627174,6.154862067,0.457200000,0.457200000
39.000734496,6.134235343,0.457200000,0.457200000
38.986785771,6.113646480,0.457200000,0.457200000
38.972781101,6.093095629,0.457200000,0.457200000
38.958720591,6.072582943,0.457200000,0.457200000
38.944604345,6.052108574,0.457200000,0.457200000
38.930432466,6.031672672,0.457200000,0.457200000
38.916205061,6.011275389,0.457200000,0.457200000
38.901922233,5.990916876,0.457200000,0.457200000
38.887584089,5.970597283,0.457200000,0.457200000
38.873190734,5.950316761,0.457200000,0.457200000
38.858742276,5.930075459,0.457200000,0.457200000
38.844238821,5.909873529,0.457200000,0.457200000
38.829680476,5.889711118,0.457200000,0.457200000
38.815067349,5.869588375,0.457200000,0.457200000
38.800399548,5.849505451,0.457200000,0.457200000
38.785677182,5.829462493,0.457200000,0.457200000
38.770900359,5.809459650,0.457200000,0.457200000
38.756069190,5.789497070,0.457200000,0.457200000
38.741183782,5.769574899,0.457200000,0.457200000
38.726244247,5.749693287,0.457200000,0.457200000
38.711250695,5.729852379,0.457200000,0.457200000
38.696203238,5.710052322,0.457200000,0.457200000
38.681101985,5.690293263,0.457200000,0.457200000
38.665947050,5.670575349,0.457200000,0.457200000
38.650738543,5.650898724,0.457200000,0.457200000
38.635476579,5.631263535,0.457200000,0.457200000
38.620161268,5.611669926,0.457200000,0.457200000
38.604792726,5.592118043,0.457200000,0.457200000
38.589371065,5.572608030,0.457200000,0.457200000
38.573896399,5.553140032,0.457200000,0.457200000
38.558368844,5.533714193,0.457200000,0.457200000
38.542788513,5.514330655,0.457200000,0.457200000
38.527155522,5.494989564,0.457200000,0.457200000
38.511469987,5.475691060,0.457200000,0.457200000
38.495732024,5.456435289,0.457200000,0.457200000
38.479941749,5.437222391,0.457200000,0.457200000
38.464099279,5.418052509,0.457200000,0.457200000
38.448204731,5.398925785,0.457200000,0.457200000
38.432258223,5.379842360,0.457200000,0.457200000
38.416259872,5.360802376,0.457200000,0.457200000
38.400209798,5.341805973,0.457200000,0.457200000
38.384108118,5.322853291,0.457200000,0.457200000
38.367954952,5.303944472,0.457200000,0.457200000
38.351750419,5.285079654,0.457200000,0.457200000
38.335494640,5.266258978,0.457200000,0.457200000
38.319187734,5.247482582,0.457200000,0.457200000
38.302829821,5.228750606,0.457200000,0.457200000
38.286421024,5.210063188,0.457200000,0.457200000
38.269961464,5.191420466,0.457200000,0.457200000
38.253451261,5.172822578,0.457200000,0.457200000
38.236890539,5.154269662,0.457200000,0.457200000
38.220279419,5.135761854,0.457200000,0.457200000
38.203618025,5.117299293,0.457200000,0.457200000
38.186906480,5.098882114,0.457200000,0.457200000
38.170144907,5.080510453,0.457200000,0.457200000
38.153333431,5.062184447,0.457200000,0.457200000
38.136472176,5.043904231,0.457200000,0.457200000
38.119561266,5.025669941,0.457200000,0.457200000
38.102600827,5.007481710,0.457200000,0.457200000
38.085590984,4.989339674,0.457200000,0.457200000
38.068531862,4.971243967,0.457200000,0.457200000
38.051423589,4.953194723,0.457200000,0.457200000
38.034266291,4.935192075,0.457200000,0.457200000
38.017060094,4.917236157,0.457200000,0.457200000
37.999805126,4.899327100,0.457200000,0.457200000
37.982501514,4.881465039,0.457200000,0.457200000
37.965149386,4.863650104,0.457200000,0.457200000
37.947748872,4.845882428,0.457200000,0.457200000
37.930300099,4.828162141,0.457200000,0.457200000
37.912803196,4.810489376,0.457200000,0.457200000
37.895258294,4.792864263,0.457200000,0.457200000
37.877665521,4.775286932,0.457200000,0.457200000
37.860025008,4.757757513,0.457200000,0.457200000
37.842336886,4.740276136,0.457200000,0.457200000
37.824601284,4.722842930,0.457200000,0.457200000
37.806818335,4.705458024,0.457200000,0.457200000
37.788988170,4.688121547,0.457200000,0.457200000
37.771110921,4.670833626,0.457200000,0.457200000
37.753186720,4.653594391,0.457200000,0.457200000
37.735215699,4.636403968,0.457200000,0.457200000
37.717197992,4.619262484,0.457200000,0.457200000
37.699133732,4.602170067,0.457200000,0.457200000
37.681023052,4.585126842,0.457200000,0.457200000
37.662844153,4.568100863,0.457200000,0.457200000
37.644630509,4.551112057,0.457200000,0.457200000
37.626382197,4.534160494,0.457200000,0.457200000
37.608099293,4.517246247,0.457200000,0.457200000
37.589781874,4.500369384,0.457200000,0.457200000
37.571430014,4.483529978,0.457200000,0.457200000
37.553043792,4.466728097,0.457200000,0.457200000
37.534623284,4.449963813,0.457200000,0.457200000
37.516168567,4.433237194,0.457200000,0.457200000
37.497679717,4.416548312,0.457200000,0.457200000
37.479156813,4.399897235,0.457200000,0.457200000
37.460599931,4.383284033,0.457200000,0.457200000
37.442009148,4.366708775,0.457200000,0.457200000
37.423384543,4.350171531,0.457200000,0.457200000
37.404726193,4.333672370,0.457200000,0.457200000
37.386034176,4.317211360,0.457200000,0.457200000
37.367308570,4.300788570,0.457200000,0.457200000
37.348549453,4.284404069,0.457200000,0.457200000
37.329756903,4.268057925,0.457200000,0.457200000
37.310930999,4.251750206,0.457200000,0.457200000
37.292071820,4.235480980,0.457200000,0.457200000
37.273179443,4.219250316,0.457200000,0.457200000
37.254253949,4.203058281,0.457200000,0.457200000
37.235295415,4.186904942,0.457200000,0.457200000
37.216303921,4.170790367,0.457200000,0.457200000
37.197279547,4.154714623,0.457200000,0.457200000
37.178222372,4.138677778,0.457200000,0.457200000
37.159132474,4.122679898,0.457200000,0.457200000
37.140009935,4.106721049,0.457200000,0.457200000
37.120854833,4.090801300,0.457200000,0.457200000
37.101667249,4.074920715,0.457200000,0.457200000
37.082447262,4.059079362,0.457200000,0.457200000
37.063194954,4.043277306,0.457200000,0.457200000
37.043910404,4.027514613,0.457200000,0.457200000
37.024593692,4.011791350,0.457200000,0.457200000
37.005244900,3.996107581,0.457200000,0.457200000
36.985864108,3.980463373,0.457200000,0.457200000
36.966451397,3.964858790,0.457200000,0.457200000
36.947006848,3.949293898,0.457200000,0.457200000
36.927530542,3.933768761,0.457200000,0.457200000
36.908022561,3.918283445,0.457200000,0.457200000
36.888482986,3.902838014,0.457200000,0.457200000
36.868911898,3.887432532,0.457200000,0.457200000
36.849309379,3.872067064,0.457200000,0.457200000
36.829675511,3.856741674,0.457200000,0.457200000
36.810010376,3.841456426,0.457200000,0.457200000
36.790314056,3.826211383,0.457200000,0.457200000
36.770586632,3.811006610,0.457200000,0.457200000
36.750828189,3.795842169,0.457200000,0.457200000
36.731038807,3.780718125,0.457200000,0.457200000
36.711218570,3.765634539,0.457200000,0.457200000
36.691367560,3.750591476,0.457200000,0.457200000
36.671485860,3.735588997,0.457200000,0.457200000
36.651573553,3.720627166,0.457200000,0.457200000
36.631630722,3.705706045,0.457200000,0.457200000
36.611657451,3.690825696,0.457200000,0.457200000
36.591653822,3.675986181,0.457200000,0.457200000
36.571619920,3.661187563,0.457200000,0.457200000
36.551555827,3.646429903,0.457200000,0.457200000
36.531461628,3.631713262,0.457200000,0.457200000
36.511337407,3.617037702,0.457200000,0.457200000
36.491183247,3.602403284,0.457200000,0.457200000
36.470999232,3.587810070,0.457200000,0.457200000
36.450785447,3.573258120,0.457200000,0.457200000
36.430541976,3.558747495,0.457200000,0.457200000
36.410268904,3.544278255,0.457200000,0.457200000
36.389966315,3.529850461,0.457200000,0.457200000
36.369634294,3.515464173,0.457200000,0.457200000
36.349272926,3.501119452,0.457200000,0.457200000
36.328882295,3.486816356,0.457200000,0.457200000
36.308462488,3.472554947,0.457200000,0.457200000
36.288013588,3.458335282,0.457200000,0.457200000
36.267535682,3.444157422,0.457200000,0.457200000
36.247028855,3.430021426,0.457200000,0.457200000
36.226493192,3.415927352,0.457200000,0.457200000
36.205928779,3.401875260,0.457200000,0.457200000
36.185335703,3.387865209,0.457200000,0.457200000
36.164714048,3.373897255,0.457200000,0.457200000
36.144063902,3.359971459,0.457200000,0.457200000
36.123385349,3.346087878,0.457200000,0.457200000
36.102678477,3.332246570,0.457200000,0.457200000
36.081943372,3.318447593,0.457200000,0.457200000
36.061180121,3.304691004,0.457200000,0.457200000
36.040388809,3.290976861,0.457200000,0.457200000
36.019569525,3.277305221,0.457200000,0.457200000
35.998722354,3.263676141,0.457200000,0.457200000
35.977847384,3.250089678,0.457200000,0.457200000
35.956944701,3.236545889,0.457200000,0.457200000
35.936014394,3.223044829,0.457200000,0.457200000
35.915056550,3.209586557,0.457200000,0.457200000
35.894071255,3.196171127,0.457200000,0.457200000
35.873058598,3.182798596,0.457200000,0.457200000
35.852018666,3.169469019,0.457200000,0.457200000
35.830951547,3.156182452,0.457200000,0.457200000
35.809857329,3.142938951,0.457200000,0.457200000
35.788736100,3.129738571,0.457200000,0.457200000
35.767587948,3.116581367,0.457200000,0.457200000
35.746412962,3.103467393,0.457200000,0.457200000
35.725211229,3.090396705,0.457200000,0.457200000
35.703982838,3.077369358,0.457200000,0.457200000
35.682727879,3.064385404,0.457200000,0.457200000
35.661446438,3.051444900,0.457200000,0.457200000
35.640138607,3.038547898,0.457200000,0.457200000
35.618804472,3.025694453,0.457200000,0.457200000
35.597444124,3.012884618,0.457200000,0.457200000
35.576057651,3.000118446,0.457200000,0.457200000
35.554645143,2.987395991,0.457200000,0.457200000
35.533206689,2.974717307,0.457200000,0.457200000
35.511742379,2.962082445,0.457200000,0.457200000
35.490252301,2.949491459,0.457200000,0.457200000
35.468736547,2.936944401,0.457200000,0.457200000
35.447195205,2.924441323,0.457200000,0.457200000
35.425628366,2.911982279,0.457200000,0.457200000
35.404036119,2.899567319,0.457200000,0.457200000
35.382418555,2.887196495,0.457200000,0.457200000
35.360775763,2.874869860,0.457200000,0.457200000
35.339107835,2.862587465,0.457200000,0.457200000
35.317414861,2.850349360,0.457200000,0.457200000
35.295696930,2.838155597,0.457200000,0.457200000
35.273954135,2.826006227,0.457200000,0.457200000
35.252186564,2.813901301,0.457200000,0.457200000
35.230394311,2.801840868,0.457200000,0.457200000
35.208577464,2.789824980,0.457200000,0.457200000
35.186736116,2.777853687,0.457200000,0.457200000
35.164870358,2.765927038,0.457200000,0.457200000
35.142980280,2.754045083,0.457200000,0.457200000
35.121065974,2.742207872,0.457200000,0.457200000
35.099127532,2.730415455,0.457200000,0.457200000
35.077165045,2.718667880,0.457200000,0.457200000
35.055178605,2.706965196,0.457200000,0.457200000
35.033168303,2.695307453,0.457200000,0.457200000
35.011134232,2.683694699,0.457200000,0.457200000
34.989076483,2.672126982,0.457200000,0.457200000
34.966995149,2.660604351,0.457200000,0.457200000
34.944890321,2.649126854,0.457200000,0.457200000
34.922762092,2.637694538,0.457200000,0.457200000
34.900610555,2.626307452,0.457200000,0.457200000
34.878435800,2.614965643,0.457200000,0.457200000
34.856237922,2.603669158,0.457200000,0.457200000
34.834017013,2.592418045,0.457200000,0.457200000
34.811773166,2.581212350,0.457200000,0.457200000
34.789506473,2.570052120,0.457200000,0.457200000
34.767217027,2.558937402,0.457200000,0.457200000
34.744904921,2.547868243,0.457200000,0.457200000
34.722570249,2.536844687,0.457200000,0.457200000
34.700213104,2.525866782,0.457200000,0.457200000
34.677833578,2.514934573,0.457200000,0.457200000
34.655431766,2.504048105,0.457200000,0.457200000
34.633033211,2.493214059,0.457200000,0.457200000
34.610616997,2.482416596,0.457200000,0.457200000
34.588183186,2.471655745,0.457200000,0.457200000
34.565731835,2.460931534,0.457200000,0.457200000
34.543263007,2.450243991,0.457200000,0.457200000
34.520776759,2.439593146,0.457200000,0.457200000
34.498273152,2.428979027,0.457200000,0.457200000
34.475752247,2.418401662,0.457200000,0.457200000
34.453214103,2.407861078,0.457200000,0.457200000
34.430658780,2.397357306,0.457200000,0.457200000
34.408086339,2.386890371,0.457200000,0.457200000
34.385496839,2.376460303,0.457200000,0.457200000
34.362890340,2.366067128,0.457200000,0.457200000
34.340266904,2.355710876,0.457200000,0.457200000
34.317626590,2.345391572,0.457200000,0.457200000
34.294969459,2.335109246,0.457200000,0.457200000
34.272295571,2.324863924,0.457200000,0.457200000
34.249604986,2.314655633,0.457200000,0.457200000
34.226897766,2.304484401,0.457200000,0.457200000
34.204173969,2.294350255,0.457200000,0.457200000
34.181433658,2.284253221,0.457200000,0.457200000
34.158676893,2.274193328,0.457200000,0.457200000
34.135903734,2.264170601,0.457200000,0.457200000
34.113114242,2.254185067,0.457200000,0.457200000
34.090308477,2.244236753,0.457200000,0.457200000
34.067486501,2.234325686,0.457200000,0.457200000
34.044648375,2.224451891,0.457200000,0.457200000
34.021794159,2.214615396,0.457200000,0.457200000
33.998923914,2.204816226,0.457200000,0.457200000
33.976037701,2.195054407,0.457200000,0.457200000
33.953135582,2.185329966,0.457200000,0.457200000
33.930217616,2.175642929,0.457200000,0.457200000
33.907283866,2.165993321,0.457200000,0.457200000
33.884334393,2.156381167,0.457200000,0.457200000
33.861369256,2.146806495,0.457200000,0.457200000
33.838388519,2.137269328,0.457200000,0.457200000
33.815392242,2.127769693,0.457200000,0.457200000
33.792380486,2.118307615,0.457200000,0.457200000
33.769353313,2.108883119,0.457200000,0.457200000
33.746310783,2.099496230,0.457200000,0.457200000
33.723252960,2.090146974,0.457200000,0.457200000
33.700179903,2.080835374,0.457200000,0.457200000
33.677091674,2.071561457,0.457200000,0.457200000
33.653988336,2.062325246,0.457200000,0.457200000
33.630869949,2.053126767,0.457200000,0.457200000
33.607736576,2.043966043,0.457200000,0.457200000
33.584588277,2.034843100,0.457200000,0.457200000
33.561425114,2.025757961,0.457200000,0.457200000
33.538247150,2.016710651,0.457200000,0.457200000
33.515054447,2.007701194,0.457200000,0.457200000
33.491847064,1.998729614,0.457200000,0.457200000
33.468625066,1.989795934,0.457200000,0.457200000
33.445388513,1.980900179,0.457200000,0.457200000
33.422137468,1.972042373,0.457200000,0.457200000
33.398871993,1.963222538,0.457200000,0.457200000
33.375592149,1.954440699,0.457200000,0.457200000
33.352297998,1.945696879,0.457200000,0.457200000
33.328989604,1.936991101,0.457200000,0.457200000
33.305667027,1.928323389,0.457200000,0.457200000
33.282330330,1.919693764,0.457200000,0.457200000
33.258979575,1.911102252,0.457200000,0.457200000
33.235614825,1.902548873,0.457200000,0.457200000
33.212236142,1.894033652,0.457200000,0.457200000
33.188843587,1.885556611,0.457200000,0.457200000
33.165437224,1.877117772,0.457200000,0.457200000
33.142017115,1.868717159,0.457200000,0.457200000
33.118583321,1.860354792,0.457200000,0.457200000
33.095135907,1.852030696,0.457200000,0.457200000
33.071674933,1.843744891,0.457200000,0.457200000
33.048200464,1.835497400,0.457200000,0.457200000
33.024712560,1.827288245,0.457200000,0.457200000
33.001211286,1.819117447,0.457200000,0.457200000
32.977696703,1.810985030,0.457200000,0.457200000
32.954168874,1.802891013,0.457200000,0.457200000
32.930627862,1.794835419,0.457200000,0.457200000
32.907073730,1.786818270,0.457200000,0.457200000
32.883506540,1.778839586,0.457200000,0.457200000
32.859926355,1.770899390,0.457200000,0.457200000
32.836333239,1.762997701,0.457200000,0.457200000
32.812727253,1.755134541,0.457200000,0.457200000
32.789108461,1.747309932,0.457200000,0.457200000
32.765476926,1.739523893,0.457200000,0.457200000
32.741832711,1.731776447,0.457200000,0.457200000
32.718175879,1.724067612,0.457200000,0.457200000
32.694506493,1.716397411,0.457200000,0.457200000
32.670824616,1.708765863,0.457200000,0.457200000
32.647130311,1.701172988,0.457200000,0.457200000
32.623423641,1.693618808,0.457200000,0.457200000
32.599704670,1.686103342,0.457200000,0.457200000
32.575973460,1.678626609,0.457200000,0.457200000
32.552230076,1.671188631,0.457200000,0.457200000
32.528474579,1.663789427,0.457200000,0.457200000
32.504707034,1.656429016,0.457200000,0.457200000
32.480927504,1.649107418,0.457200000,0.457200000
32.457136053,1.641824653,0.457200000,0.457200000
32.433332743,1.634580741,0.457200000,0.457200000
32.409517638,1.627375699,0.457200000,0.457200000
32.385690802,1.620209549,0.457200000,0.457200000
32.361852298,1.613082308,0.457200000,0.457200000
32.338002190,1.605993996,0.457200000,0.457200000
32.314140541,1.598944631,0.457200000,0.457200000
32.290267415,1.591934233,0.457200000,0.457200000
32.266382875,1.584962820,0.457200000,0.457200000
32.242486985,1.578030411,0.457200000,0.457200000
32.218579810,1.571137024,0.457200000,0.457200000
32.194661412,1.564282677,0.457200000,0.457200000
32.170731855,1.557467390,0.457200000,0.457200000
32.146791203,1.550691179,0.457200000,0.457200000
32.122839521,1.543954063,0.457200000,0.457200000
32.098876871,1.537256060,0.457200000,0.457200000
32.074903317,1.530597189,0.457200000,0.457200000
32.050918924,1.523977465,0.457200000,0.457200000
32.026923756,1.517396908,0.457200000,0.457200000
32.002917876,1.510855535,0.457200000,0.457200000
31.978901349,1.504353363,0.457200000,0.457200000
31.954874238,1.497890410,0.457200000,0.457200000
31.930836607,1.491466692,0.457200000,0.457200000
31.906788521,1.485082227,0.457200000,0.457200000
31.882730043,1.478737032,0.457200000,0.457200000
31.858661239,1.472431124,0.457200000,0.457200000
31.834582171,1.466164520,0.457200000,0.457200000
31.810492904,1.459937236,0.457200000,0.457200000
31.786393503,1.453749289,0.457200000,0.457200000
31.762284031,1.447600695,0.457200000,0.457200000
31.738164553,1.441491472,0.457200000,0.457200000
31.714035133,1.435421634,0.457200000,0.457200000
31.689895836,1.429391199,0.457200000,0.457200000
31.665746725,1.423400182,0.457200000,0.457200000
31.641587866,1.417448599,0.457200000,0.457200000
31.617419321,1.411536466,0.457200000,0.457200000
31.593241157,1.405663800,0.457200000,0.457200000
31.569053438,1.399830615,0.457200000,0.457200000
31.544856227,1.394036927,0.457200000,0.457200000
31.520649589,1.388282752,0.457200000,0.457200000
31.496433589,1.382568105,0.457200000,0.457200000
31.472208292,1.376893001,0.457200000,0.457200000
31.447973762,1.371257455,0.457200000,0.457200000
31.423730063,1.365661482,0.457200000,0.457200000
31.399477261,1.360105098,0.457200000,0.457200000
31.375215419,1.354588317,0.457200000,0.457200000
31.350944603,1.349111154,0.457200000,0.457200000
31.326664877,1.343673623,0.457200000,0.457200000
31.302376306,1.338275738,0.457200000,0.457200000
31.278078955,1.332917515,0.457200000,0.457200000
31.253772888,1.327598968,0.457200000,0.457200000
31.229458170,1.322320110,0.457200000,0.457200000
31.205134867,1.317080956,0.457200000,0.457200000
31.180803042,1.311881520,0.457200000,0.457200000
31.156442354,1.306714040,0.457200000,0.457200000
31.132074652,1.301579738,0.457200000,0.457200000
31.107699981,1.296478622,0.457200000,0.457200000
31.083318386,1.291410701,0.457200000,0.457200000
31.058929913,1.286375986,0.457200000,0.457200000
31.034534607,1.281374485,0.457200000,0.457200000
31.010132513,1.276406207,0.457200000,0.457200000
30.985723676,1.271471163,0.457200000,0.457200000
30.961308142,1.266569360,0.457200000,0.457200000
30.936885956,1.261700809,0.457200000,0.457200000
30.912457163,1.256865518,0.457200000,0.457200000
30.888021809,1.252063496,0.457200000,0.457200000
30.863579938,1.247294752,0.457200000,0.457200000
30.839131596,1.242559294,0.457200000,0.457200000
30.814676829,1.237857133,0.457200000,0.457200000
30.790215681,1.233188275,0.457200000,0.457200000
30.765748199,1.228552731,0.457200000,0.457200000
30.741274427,1.223950508,0.457200000,0.457200000
30.716794410,1.219381616,0.457200000,0.457200000
30.692308195,1.214846062,0.457200000,0.457200000
30.667815827,1.210343855,0.457200000,0.457200000
30.643317351,1.205875004,0.457200000,0.457200000
30.618812812,1.201439516,0.457200000,0.457200000
30.594302256,1.197037400,0.457200000,0.457200000
30.569785729,1.192668664,0.457200000,0.457200000
30.545263275,1.188333316,0.457200000,0.457200000
30.520734941,1.184031365,0.457200000,0.457200000
30.496200772,1.179762817,0.457200000,0.457200000
30.471660812,1.175527682,0.457200000,0.457200000
30.447115109,1.171325966,0.457200000,0.457200000
30.422563707,1.167157679,0.457200000,0.457200000
30.398006651,1.163022826,0.457200000,0.457200000
30.373443988,1.158921417,0.457200000,0.457200000
30.348875763,1.154853459,0.457200000,0.457200000
30.324302022,1.150818959,0.457200000,0.457200000
30.299722809,1.146817924,0.457200000,0.457200000
30.275138171,1.142850363,0.457200000,0.457200000
30.250548153,1.138916282,0.457200000,0.457200000
30.225952801,1.135015689,0.457200000,0.457200000
30.201352160,1.131148592,0.457200000,0.457200000
30.176746277,1.127314996,0.457200000,0.457200000
30.152135195,1.123514910,0.457200000,0.457200000
30.127518963,1.119748340,0.457200000,0.457200000
30.102897624,1.116015293,0.457200000,0.457200000
30.078271224,1.112315777,0.457200000,0.457200000
30.053639810,1.108649798,0.457200000,0.457200000
30.029003427,1.105017362,0.457200000,0.457200000
30.004362120,1.101418478,0.457200000,0.457200000
29.979715935,1.097853150,0.457200000,0.457200000
29.955064919,1.094321387,0.457200000,0.457200000
29.930409116,1.090823194,0.457200000,0.457200000
29.905748572,1.087358579,0.457200000,0.457200000
29.881083334,1.083927546,0.457200000,0.457200000
29.856413446,1.080530104,0.457200000,0.457200000
29.831738955,1.077166257,0.457200000,0.457200000
29.807059906,1.073836013,0.457200000,0.457200000
29.782376346,1.070539377,0.457200000,0.457200000
29.757688319,1.067276356,0.457200000,0.457200000
29.732995872,1.064046956,0.457200000,0.457200000
29.708299050,1.060851182,0.457200000,0.457200000
29.683597900,1.057689040,0.457200000,0.457200000
29.658892467,1.054560538,0.457200000,0.457200000
29.634182796,1.051465679,0.457200000,0.457200000
29.609468934,1.048404470,0.457200000,0.457200000
29.584750927,1.045376917,0.457200000,0.457200000
29.560028819,1.042383025,0.457200000,0.457200000
29.535302658,1.039422801,0.457200000,0.457200000
29.510572489,1.036496248,0.457200000,0.457200000
29.485838358,1.033603373,0.457200000,0.457200000
29.461100311,1.030744181,0.457200000,0.457200000
29.436358393,1.027918678,0.457200000,0.457200000
29.411612650,1.025126868,0.457200000,0.457200000
29.386863129,1.022368757,0.457200000,0.457200000
29.362109875,1.019644350,0.457200000,0.457200000
29.337352935,1.016953652,0.457200000,0.457200000
29.312592353,1.014296667,0.457200000,0.457200000
29.287828176,1.011673402,0.457200000,0.457200000
29.263060450,1.009083861,0.457200000,0.457200000
29.238289221,1.006528048,0.457200000,0.457200000
29.213514535,1.004005968,0.457200000,0.457200000
29.188736437,1.001517626,0.457200000,0.457200000
29.163954974,0.999063027,0.457200000,0.457200000
29.139170192,0.996642175,0.457200000,0.457200000
29.114382136,0.994255075,0.457200000,0.457200000
29.089590852,0.991901730,0.457200000,0.457200000
29.064796387,0.989582146,0.457200000,0.457200000
29.039998786,0.987296327,0.457200000,0.457200000
29.015198096,0.985044277,0.457200000,0.457200000
28.990394362,0.982826000,0.457200000,0.457200000
28.965587630,0.980641500,0.457200000,0.457200000
28.940777947,0.978490781,0.457200000,0.457200000
28.915965358,0.976373848,0.457200000,0.457200000
28.891149910,0.974290704,0.457200000,0.457200000
28.866331648,0.972241353,0.457200000,0.457200000
28.841510618,0.970225799,0.457200000,0.457200000
28.816686867,0.968244045,0.457200000,0.457200000
28.791860440,0.966296096,0.457200000,0.457200000
28.767031384,0.964381954,0.457200000,0.457200000
28.742199744,0.962501624,0.457200000,0.457200000
28.717365567,0.960655109,0.457200000,0.457200000
28.692528899,0.958842412,0.457200000,0.457200000
28.667689785,0.957063537,0.457200000,0.457200000
28.642848272,0.955318487,0.457200000,0.457200000
28.618004406,0.953607266,0.457200000,0.457200000
28.593158232,0.951929875,0.457200000,0.457200000
28.568309798,0.950286320,0.457200000,0.457200000
28.543459148,0.948676601,0.457200000,0.457200000
28.518606330,0.947100724,0.457200000,0.457200000
28.493751389,0.945558689,0.457200000,0.457200000
28.468894371,0.944050502,0.457200000,0.457200000
28.444035322,0.942576163,0.457200000,0.457200000
28.419174289,0.941135676,0.457200000,0.457200000
28.394311318,0.939729044,0.457200000,0.457200000
28.369446454,0.938356269,0.457200000,0.457200000
28.344579744,0.937017353,0.457200000,0.457200000
28.319711233,0.935712300,0.457200000,0.457200000
28.294840969,0.934441111,0.457200000,0.457200000
28.269968997,0.933203790,0.457200000,0.457200000
28.245095363,0.932000337,0.457200000,0.457200000
28.220220113,0.930830756,0.457200000,0.457200000
28.195343293,0.929695049,0.457200000,0.457200000
28.170464951,0.928593217,0.457200000,0.457200000
28.145585131,0.927525264,0.457200000,0.457200000
28.120703879,0.926491190,0.457200000,0.457200000
28.095821243,0.925490997,0.457200000,0.457200000
28.070937268,0.924524689,0.457200000,0.457200000
28.046052000,0.923592265,0.457200000,0.457200000
28.021165486,0.922693729,0.457200000,0.457200000
27.996277771,0.921829081,0.457200000,0.457200000
27.971388902,0.920998324,0.457200000,0.457200000
27.946498924,0.920201459,0.457200000,0.457200000
27.921607885,0.919438487,0.457200000,0.457200000
27.896715829,0.918709409,0.457200000,0.457200000
27.871822804,0.918014228,0.457200000,0.457200000
27.846928856,0.917352945,0.457200000,0.457200000
27.822034030,0.916725560,0.457200000,0.457200000
27.797138373,0.916132074,0.457200000,0.457200000
27.772241931,0.915572490,0.457200000,0.457200000
27.747344749,0.915046808,0.457200000,0.457200000
27.722446875,0.914555028,0.457200000,0.457200000
27.697548355,0.914097152,0.457200000,0.457200000
27.672649234,0.913673181,0.457200000,0.457200000
27.647749559,0.913283116,0.457200000,0.457200000
27.622849376,0.912926957,0.457200000,0.457200000
27.597948731,0.912604704,0.457200000,0.457200000
27.573047670,0.912316359,0.457200000,0.457200000
27.548146240,0.912061922,0.457200000,0.457200000
27.523244486,0.911841394,0.457200000,0.457200000
27.498342455,0.911654774,0.457200000,0.457200000
27.473440193,0.911502063,0.457200000,0.457200000
27.448537746,0.911383262,0.457200000,0.457200000
27.423635161,0.911298371,0.457200000,0.457200000
27.398732483,0.911247389,0.457200000,0.457200000
27.373829759,0.911230318,0.457200000,0.457200000
27.348855459,0.911230322,0.457200000,0.457200000
27.323881159,0.911230326,0.457200000,0.457200000
27.298906859,0.911230329,0.457200000,0.457200000
27.273932559,0.911230333,0.457200000,0.457200000
27.248958259,0.911230337,0.457200000,0.457200000
27.223983960,0.911230341,0.457200000,0.457200000
27.199009660,0.911230345,0.457200000,0.457200000
27.174035360,0.911230348,0.457200000,0.457200000
27.149061060,0.911230352,0.457200000,0.457200000
27.124086760,0.911230356,0.457200000,0.457200000
27.099112460,0.911230360,0.457200000,0.457200000
27.074138160,0.911230364,0.457200000,0.457200000
27.049163861,0.911230367,0.457200000,0.457200000
27.024189561,0.911230371,0.457200000,0.457200000
26.999215261,0.911230375,0.457200000,0.457200000
26.974240961,0.911230379,0.457200000,0.457200000
26.949266661,0.911230382,0.457200000,0.457200000
26.924292361,0.911230386,0.457200000,0.457200000
26.899318062,0.911230390,0.457200000,0.457200000
26.874343762,0.911230394,0.457200000,0.457200000
26.849369462,0.911230398,0.457200000,0.457200000
26.824395162,0.911230401,0.457200000,0.457200000
26.799420862,0.911230405,0.457200000,0.457200000
26.774446562,0.911230409,0.457200000,0.457200000
26.749472262,0.911230413,0.457200000,0.457200000
26.724497963,0.911230417,0.457200000,0.457200000
26.699523663,0.911230420,0.457200000,0.457200000
26.674549363,0.911230424,0.457200000,0.457200000
26.649575063,0.911230428,0.457200000,0.457200000
26.624600763,0.911230432,0.457200000,0.457200000
26.599626463,0.911230436,0.457200000,0.457200000
26.574652163,0.911230439,0.457200000,0.457200000
26.549677864,0.911230443,0.457200000,0.457200000
26.524703564,0.911230447,0.457200000,0.457200000
26.499729264,0.911230451,0.457200000,0.457200000
26.474754964,0.911230455,0.457200000,0.457200000
26.449780664,0.911230458,0.457200000,0.457200000
26.424806364,0.911230462,0.457200000,0.457200000
26.399832065,0.911230466,0.457200000,0.457200000
26.374857765,0.911230470,0.457200000,0.457200000
26.349883465,0.911230474,0.457200000,0.457200000
26.324909165,0.911230477,0.457200000,0.457200000
26.299934865,0.911230481,0.457200000,0.457200000
26.274960565,0.911230485,0.457200000,0.457200000
26.249986265,0.911230489,0.457200000,0.457200000
26.225011966,0.911230493,0.457200000,0.457200000
26.200037666,0.911230496,0.457200000,0.457200000
26.175063366,0.911230500,0.457200000,0.457200000
26.150089066,0.911230504,0.457200000,0.457200000
26.125114766,0.911230508,0.457200000,0.457200000
26.100140466,0.911230512,0.457200000,0.457200000
26.075166166,0.911230515,0.457200000,0.457200000
26.050191867,0.911230519,0.457200000,0.457200000
26.025217567,0.911230523,0.457200000,0.457200000
26.000243267,0.911230527,0.457200000,0.457200000
25.975268967,0.911230530,0.457200000,0.457200000
25.950294667,0.911230534,0.457200000,0.457200000
25.925320367,0.911230538,0.457200000,0.457200000
25.900346068,0.911230542,0.457200000,0.457200000
25.875371768,0.911230546,0.457200000,0.457200000
25.850397468,0.911230549,0.457200000,0.457200000
25.825423168,0.911230553,0.457200000,0.457200000
25.800448868,0.911230557,0.457200000,0.457200000
25.775474568,0.911230561,0.457200000,0.457200000
25.750500268,0.911230565,0.457200000,0.457200000
25.725525969,0.911230568,0.457200000,0.457200000
25.700551669,0.911230572,0.457200000,0.457200000
25.675577369,0.911230576,0.457200000,0.457200000
25.650603069,0.911230580,0.457200000,0.457200000
25.625628769,0.911230584,0.457200000,0.457200000
25.600654469,0.911230587,0.457200000,0.457200000
25.575680169,0.911230591,0.457200000,0.457200000
25.550705870,0.911230595,0.457200000,0.457200000
25.525731570,0.911230599,0.457200000,0.457200000
25.500757270,0.911230603,0.457200000,0.457200000
25.475782970,0.911230606,0.457200000,0.457200000
25.450808670,0.911230610,0.457200000,0.457200000
25.425834370,0.911230614,0.457200000,0.457200000
25.400860071,0.911230618,0.457200000,0.457200000
25.375885771,0.911230622,0.457200000,0.457200000
25.350911471,0.911230625,0.457200000,0.457200000
25.325937171,0.911230629,0.457200000,0.457200000
25.300962871,0.911230633,0.457200000,0.457200000
25.275988571,0.911230637,0.457200000,0.457200000
25.251014271,0.911230641,0.457200000,0.457200000
25.226039972,0.911230644,0.457200000,0.457200000
25.201065672,0.911230648,0.457200000,0.457200000
25.176091372,0.911230652,0.457200000,0.457200000
25.151117072,0.911230656,0.457200000,0.457200000
25.126142772,0.911230659,0.457200000,0.457200000
25.101168472,0.911230663,0.457200000,0.457200000
25.076194173,0.911230667,0.457200000,0.457200000
25.051219873,0.911230671,0.457200000,0.457200000
25.026245573,0.911230675,0.457200000,0.457200000
25.001271273,0.911230678,0.457200000,0.457200000
24.976296973,0.911230682,0.457200000,0.457200000
24.951322673,0.911230686,0.457200000,0.457200000
24.926348373,0.911230690,0.457200000,0.457200000
24.901374074,0.911230694,0.457200000,0.457200000
24.876399774,0.911230697,0.457200000,0.457200000
24.851425474,0.911230701,0.457200000,0.457200000
24.826451174,0.911230705,0.457200000,0.457200000
24.801476874,0.911230709,0.457200000,0.457200000
24.776502574,0.911230713,0.457200000,0.457200000
24.751528274,0.911230716,0.457200000,0.457200000
24.726553975,0.911230720,0.457200000,0.457200000
24.701579675,0.911230724,0.457200000,0.457200000
24.676605375,0.911230728,0.457200000,0.457200000
24.651631075,0.911230732,0.457200000,0.457200000
24.626656775,0.911230735,0.457200000,0.457200000
24.601682475,0.911230739,0.457200000,0.457200000
24.576708176,0.911230743,0.457200000,0.457200000
24.551733876,0.911230747,0.457200000,0.457200000
24.526759576,0.911230751,0.457200000,0.457200000
24.501785276,0.911230754,0.457200000,0.457200000
24.476810976,0.911230758,0.457200000,0.457200000
24.451836676,0.911230762,0.457200000,0.457200000
24.426862376,0.911230766,0.457200000,0.457200000
24.401888077,0.911230770,0.457200000,0.457200000
24.376913777,0.911230773,0.457200000,0.457200000
24.351939477,0.911230777,0.457200000,0.457200000
24.326965177,0.911230781,0.457200000,0.457200000
24.301990877,0.911230785,0.457200000,0.457200000
24.277016577,0.911230788,0.457200000,0.457200000
24.252042277,0.911230792,0.457200000,0.457200000
24.227067978,0.911230796,0.457200000,0.457200000
24.202093678,0.911230800,0.457200000,0.457200000
24.177119378,0.911230804,0.457200000,0.457200000
24.152145078,0.911230807,0.457200000,0.457200000
24.127170778,0.911230811,0.457200000,0.457200000
24.102196478,0.911230815,0.457200000,0.457200000
24.077222179,0.911230819,0.457200000,0.457200000
24.052247879,0.911230823,0.457200000,0.457200000
24.027273579,0.911230826,0.457200000,0.457200000
24.002299279,0.911230830,0.457200000,0.457200000
23.977324979,0.911230834,0.457200000,0.457200000
23.952350679,0.911230838,0.457200000,0.457200000
23.927376379,0.911230842,0.457200000,0.457200000
23.902402080,0.911230845,0.457200000,0.457200000
23.877427780,0.911230849,0.457200000,0.457200000
23.852453480,0.911230853,0.457200000,0.457200000
23.827479180,0.911230857,0.457200000,0.457200000
23.802504880,0.911230861,0.457200000,0.457200000
23.777530580,0.911230864,0.457200000,0.457200000
23.752556280,0.911230868,0.457200000,0.457200000
23.727581981,0.911230872,0.457200000,0.457200000
23.702607681,0.911230876,0.457200000,0.457200000
23.677633381,0.911230880,0.457200000,0.457200000
23.652659081,0.911230883,0.457200000,0.457200000
23.627684781,0.911230887,0.457200000,0.457200000
23.602710481,0.911230891,0.457200000,0.457200000
23.577736182,0.911230895,0.457200000,0.457200000
23.552761882,0.911230899,0.457200000,0.457200000
23.527787582,0.911230902,0.457200000,0.457200000
23.502813282,0.911230906,0.457200000,0.457200000
23.477838982,0.911230910,0.457200000,0.457200000
23.452864682,0.911230914,0.457200000,0.457200000
23.427890382,0.911230918,0.457200000,0.457200000
23.402916083,0.911230921,0.457200000,0.457200000
23.377941783,0.911230925,0.457200000,0.457200000
23.352967483,0.911230929,0.457200000,0.457200000
23.327993183,0.911230933,0.457200000,0.457200000
23.303018883,0.911230936,0.457200000,0.457200000
23.278044583,0.911230940,0.457200000,0.457200000
23.253070283,0.911230944,0.457200000,0.457200000
23.228095984,0.911230948,0.457200000,0.457200000
23.203121684,0.911230952,0.457200000,0.457200000
23.178147384,0.911230955,0.457200000,0.457200000
23.153173084,0.911230959,0.457200000,0.457200000
23.128198784,0.911230963,0.457200000,0.457200000
23.103224484,0.911230967,0.457200000,0.457200000
23.078250185,0.911230971,0.457200000,0.457200000
23.053275885,0.911230974,0.457200000,0.457200000
23.028301585,0.911230978,0.457200000,0.457200000
23.003327285,0.911230982,0.457200000,0.457200000
22.978352985,0.911230986,0.457200000,0.457200000
22.953378685,0.911230990,0.457200000,0.457200000
22.928404385,0.911230993,0.457200000,0.457200000
22.903430086,0.911230997,0.457200000,0.457200000
22.878455786,0.911231001,0.457200000,0.457200000
22.853481486,0.911231005,0.457200000,0.457200000
22.828507186,0.911231009,0.457200000,0.457200000
22.803532886,0.911231012,0.457200000,0.457200000
22.778558586,0.911231016,0.457200000,0.457200000
22.753584286,0.911231020,0.457200000,0.457200000
22.728609987,0.911231024,0.457200000,0.457200000
22.703635687,0.911231028,0.457200000,0.457200000
22.678661387,0.911231031,0.457200000,0.457200000
22.653687087,0.911231035,0.457200000,0.457200000
22.628712787,0.911231039,0.457200000,0.457200000
22.603738487,0.911231043,0.457200000,0.457200000
22.578764188,0.911231047,0.457200000,0.457200000
22.553789888,0.911231050,0.457200000,0.457200000
22.528815588,0.911231054,0.457200000,0.457200000
22.503841288,0.911231058,0.457200000,0.457200000
22.478866988,0.911231062,0.457200000,0.457200000
22.453892688,0.911231065,0.457200000,0.457200000
22.428918388,0.911231069,0.457200000,0.457200000
22.403944089,0.911231073,0.457200000,0.457200000
22.378969789,0.911231077,0.457200000,0.457200000
22.353995489,0.911231081,0.457200000,0.457200000
22.329021189,0.911231084,0.457200000,0.457200000
22.304046889,0.911231088,0.457200000,0.457200000
22.279072589,0.911231092,0.457200000,0.457200000
22.254098290,0.911231096,0.457200000,0.457200000
22.229123990,0.911231100,0.457200000,0.457200000
22.204149690,0.911231103,0.457200000,0.457200000
22.179175390,0.911231107,0.457200000,0.457200000
22.154201090,0.911231111,0.457200000,0.457200000
22.129226790,0.911231115,0.457200000,0.457200000
22.104252490,0.911231119,0.457200000,0.457200000
22.079278191,0.911231122,0.457200000,0.457200000
22.054303891,0.911231126,0.457200000,0.457200000
22.029329591,0.911231130,0.457200000,0.457200000
22.004355291,0.911231134,0.457200000,0.457200000
21.979380991,0.911231138,0.457200000,0.457200000
21.954406691,0.911231141,0.457200000,0.457200000
21.929432391,0.911231145,0.457200000,0.457200000
21.904458092,0.911231149,0.457200000,0.457200000
21.879483792,0.911231153,0.457200000,0.457200000
21.854509492,0.911231157,0.457200000,0.457200000
21.829535192,0.911231160,0.457200000,0.457200000
21.804560892,0.911231164,0.457200000,0.457200000
21.779586592,0.911231168,0.457200000,0.457200000
21.754612293,0.911231172,0.457200000,0.457200000
21.729637993,0.911231176,0.457200000,0.457200000
21.704663693,0.911231179,0.457200000,0.457200000
21.679689393,0.911231183,0.457200000,0.457200000
21.654715093,0.911231187,0.457200000,0.457200000
21.629740793,0.911231191,0.457200000,0.457200000
21.604766493,0.911231194,0.457200000,0.457200000
21.579792194,0.911231198,0.457200000,0.457200000
21.554817894,0.911231202,0.457200000,0.457200000
21.529843594,0.911231206,0.457200000,0.457200000
21.504869294,0.911231210,0.457200000,0.457200000
21.479894994,0.911231213,0.457200000,0.457200000
21.454920694,0.911231217,0.457200000,0.457200000
21.429946394,0.911231221,0.457200000,0.457200000
21.404972095,0.911231225,0.457200000,0.457200000
21.379997795,0.911231229,0.457200000,0.457200000
21.355023495,0.911231232,0.457200000,0.457200000
21.330049195,0.911231236,0.457200000,0.457200000
21.305074895,0.911231240,0.457200000,0.457200000
21.280100595,0.911231244,0.457200000,0.457200000
21.255126296,0.911231248,0.457200000,0.457200000
21.230151996,0.911231251,0.457200000,0.457200000
21.205177696,0.911231255,0.457200000,0.457200000
21.180203396,0.911231259,0.457200000,0.457200000
21.155229096,0.911231263,0.457200000,0.457200000
21.130254796,0.911231267,0.457200000,0.457200000
21.105280496,0.911231270,0.457200000,0.457200000
21.080306197,0.911231274,0.457200000,0.457200000
21.055331897,0.911231278,0.457200000,0.457200000
21.030357597,0.911231282,0.457200000,0.457200000
21.005383297,0.911231286,0.457200000,0.457200000
20.980408997,0.911231289,0.457200000,0.457200000
20.955434697,0.911231293,0.457200000,0.457200000
20.930460397,0.911231297,0.457200000,0.457200000
20.905486098,0.911231301,0.457200000,0.457200000
20.880511798,0.911231305,0.457200000,0.457200000
20.855537498,0.911231308,0.457200000,0.457200000
20.830563198,0.911231312,0.457200000,0.457200000
20.805588898,0.911231316,0.457200000,0.457200000
20.780614598,0.911231320,0.457200000,0.457200000
20.755640299,0.911231324,0.457200000,0.457200000
20.730665999,0.911231327,0.457200000,0.457200000
20.705691699,0.911231331,0.457200000,0.457200000
20.680717399,0.911231335,0.457200000,0.457200000
20.655743099,0.911231339,0.457200000,0.457200000
20.630768799,0.911231342,0.457200000,0.457200000
20.605794499,0.911231346,0.457200000,0.457200000
20.580820200,0.911231350,0.457200000,0.457200000
20.555845900,0.911231354,0.457200000,0.457200000
20.530871600,0.911231358,0.457200000,0.457200000
20.505897300,0.911231361,0.457200000,0.457200000
20.480923000,0.911231365,0.457200000,0.457200000
20.455948700,0.911231369,0.457200000,0.457200000
20.430974400,0.911231373,0.457200000,0.457200000
20.406000101,0.911231377,0.457200000,0.457200000
20.381025801,0.911231380,0.457200000,0.457200000
20.356051501,0.911231384,0.457200000,0.457200000
20.331077201,0.911231388,0.457200000,0.457200000
20.306102901,0.911231392,0.457200000,0.457200000
20.281128601,0.911231396,0.457200000,0.457200000
20.256154302,0.911231399,0.457200000,0.457200000
20.231180002,0.911231403,0.457200000,0.457200000
20.206205702,0.911231407,0.457200000,0.457200000
20.181231402,0.911231411,0.457200000,0.457200000
20.156257102,0.911231415,0.457200000,0.457200000
20.131282802,0.911231418,0.457200000,0.457200000
20.106308502,0.911231422,0.457200000,0.457200000
20.081334203,0.911231426,0.457200000,0.457200000
20.056359903,0.911231430,0.457200000,0.457200000
20.031385603,0.911231434,0.457200000,0.457200000
20.006411303,0.911231437,0.457200000,0.457200000
19.981437003,0.911231441,0.457200000,0.457200000
19.956462703,0.911231445,0.457200000,0.457200000
19.931488404,0.911231449,0.457200000,0.457200000
19.906514104,0.911231453,0.457200000,0.457200000
19.881539804,0.911231456,0.457200000,0.457200000
19.856565504,0.911231460,0.457200000,0.457200000
19.831591204,0.911231464,0.457200000,0.457200000
19.806616904,0.911231468,0.457200000,0.457200000
19.781642604,0.911231471,0.457200000,0.457200000
19.756668305,0.911231475,0.457200000,0.457200000
19.731694005,0.911231479,0.457200000,0.457200000
19.706719705,0.911231483,0.457200000,0.457200000
19.681745405,0.911231487,0.457200000,0.457200000
19.656771105,0.911231490,0.457200000,0.457200000
19.631796805,0.911231494,0.457200000,0.457200000
19.606822505,0.911231498,0.457200000,0.457200000
19.581848206,0.911231502,0.457200000,0.457200000
19.556873906,0.911231506,0.457200000,0.457200000
19.531899606,0.911231509,0.457200000,0.457200000
19.506925306,0.911231513,0.457200000,0.457200000
19.481951006,0.911231517,0.457200000,0.457200000
19.456976706,0.911231521,0.457200000,0.457200000
19.432002407,0.911231525,0.457200000,0.457200000
19.407028107,0.911231528,0.457200000,0.457200000
19.382053807,0.911231532,0.457200000,0.457200000
19.357079507,0.911231536,0.457200000,0.457200000
19.332105207,0.911231540,0.457200000,0.457200000
19.307130907,0.911231544,0.457200000,0.457200000
19.282156607,0.911231547,0.457200000,0.457200000
19.257182308,0.911231551,0.457200000,0.457200000
19.232208008,0.911231555,0.457200000,0.457200000
19.207233708,0.911231559,0.457200000,0.457200000
19.182259408,0.911231563,0.457200000,0.457200000
19.157285108,0.911231566,0.457200000,0.457200000
19.132310808,0.911231570,0.457200000,0.457200000
19.107336508,0.911231574,0.457200000,0.457200000
19.082362209,0.911231578,0.457200000,0.457200000
19.057387909,0.911231582,0.457200000,0.457200000
19.032413609,0.911231585,0.457200000,0.457200000
19.007439309,0.911231589,0.457200000,0.457200000
18.982465009,0.911231593,0.457200000,0.457200000
18.957490709,0.911231597,0.457200000,0.457200000
18.932516410,0.911231600,0.457200000,0.457200000
18.907542110,0.911231604,0.457200000,0.457200000
18.882567810,0.911231608,0.457200000,0.457200000
18.857593510,0.911231612,0.457200000,0.457200000
18.832619210,0.911231616,0.457200000,0.457200000
18.807644910,0.911231619,0.457200000,0.457200000
18.782670610,0.911231623,0.457200000,0.457200000
18.757696311,0.911231627,0.457200000,0.457200000
18.732722011,0.911231631,0.457200000,0.457200000
18.707747711,0.911231635,0.457200000,0.457200000
18.682773411,0.911231638,0.457200000,0.457200000
18.657799111,0.911231642,0.457200000,0.457200000
18.632824811,0.911231646,0.457200000,0.457200000
18.607850511,0.911231650,0.457200000,0.457200000
18.582876212,0.911231654,0.457200000,0.457200000
18.557901912,0.911231657,0.457200000,0.457200000
18.532927612,0.911231661,0.457200000,0.457200000
18.507953312,0.911231665,0.457200000,0.457200000
18.482979012,0.911231669,0.457200000,0.457200000
18.458004712,0.911231673,0.457200000,0.457200000
18.433030413,0.911231676,0.457200000,0.457200000
18.408056113,0.911231680,0.457200000,0.457200000
18.383081813,0.911231684,0.457200000,0.457200000
18.358107513,0.911231688,0.457200000,0.457200000
18.333133213,0.911231692,0.457200000,0.457200000
18.308158913,0.911231695,0.457200000,0.457200000
18.283184613,0.911231699,0.457200000,0.457200000
18.258210314,0.911231703,0.457200000,0.457200000
18.233236014,0.911231707,0.457200000,0.457200000
18.208261714,0.911231711,0.457200000,0.457200000
18.183287414,0.911231714,0.457200000,0.457200000
18.158313114,0.911231718,0.457200000,0.457200000
18.133338814,0.911231722,0.457200000,0.457200000
18.108364514,0.911231726,0.457200000,0.457200000
18.083390215,0.911231730,0.457200000,0.457200000
18.058415915,0.911231733,0.457200000,0.457200000
18.033441615,0.911231737,0.457200000,0.457200000
18.008467315,0.911231741,0.457200000,0.457200000
17.983493015,0.911231745,0.457200000,0.457200000
17.958518715,0.911231748,0.457200000,0.457200000
17.933544416,0.911231752,0.457200000,0.457200000
17.908570116,0.911231756,0.457200000,0.457200000
17.883595816,0.911231760,0.457200000,0.457200000
17.858621516,0.911231764,0.457200000,0.457200000
17.833647216,0.911231767,0.457200000,0.457200000
17.808672916,0.911231771,0.457200000,0.457200000
17.783698616,0.911231775,0.457200000,0.457200000
17.758724317,0.911231779,0.457200000,0.457200000
17.733750017,0.911231783,0.457200000,0.457200000
17.708775717,0.911231786,0.457200000,0.457200000
17.683801417,0.911231790,0.457200000,0.457200000
17.658827117,0.911231794,0.457200000,0.457200000
17.633852817,0.911231798,0.457200000,0.457200000
17.608878518,0.911231802,0.457200000,0.457200000
17.583904218,0.911231805,0.457200000,0.457200000
17.558929918,0.911231809,0.457200000,0.457200000
17.533955618,0.911231813,0.457200000,0.457200000
17.508981318,0.911231817,0.457200000,0.457200000
17.484007018,0.911231821,0.457200000,0.457200000
17.459032718,0.911231824,0.457200000,0.457200000
17.434058419,0.911231828,0.457200000,0.457200000
17.409084119,0.911231832,0.457200000,0.457200000
17.384109819,0.911231836,0.457200000,0.457200000
17.359135519,0.911231840,0.457200000,0.457200000
17.334161219,0.911231843,0.457200000,0.457200000
17.309186919,0.911231847,0.457200000,0.457200000
17.284212619,0.911231851,0.457200000,0.457200000
17.259238320,0.911231855,0.457200000,0.457200000
17.234264020,0.911231859,0.457200000,0.457200000
17.209289720,0.911231862,0.457200000,0.457200000
17.184315420,0.911231866,0.457200000,0.457200000
17.159341120,0.911231870,0.457200000,0.457200000
17.134366820,0.911231874,0.457200000,0.457200000
17.109392521,0.911231877,0.457200000,0.457200000
17.084418221,0.911231881,0.457200000,0.457200000
17.059443921,0.911231885,0.457200000,0.457200000
17.034469621,0.911231889,0.457200000,0.457200000
17.009495321,0.911231893,0.457200000,0.457200000
16.984521021,0.911231896,0.457200000,0.457200000
16.959546721,0.911231900,0.457200000,0.457200000
16.934572422,0.911231904,0.457200000,0.457200000
16.909598122,0.911231908,0.457200000,0.457200000
16.884623822,0.911231912,0.457200000,0.457200000
16.859649522,0.911231915,0.457200000,0.457200000
16.834675222,0.911231919,0.457200000,0.457200000
16.809700922,0.911231923,0.457200000,0.457200000
16.784726622,0.911231927,0.457200000,0.457200000
16.759752323,0.911231931,0.457200000,0.457200000
16.734778023,0.911231934,0.457200000,0.457200000
16.709803723,0.911231938,0.457200000,0.457200000
16.684829423,0.911231942,0.457200000,0.457200000
16.659855123,0.911231946,0.457200000,0.457200000
16.634880823,0.911231950,0.457200000,0.457200000
16.609906524,0.911231953,0.457200000,0.457200000
16.584932224,0.911231957,0.457200000,0.457200000
16.559957924,0.911231961,0.457200000,0.457200000
16.534983624,0.911231965,0.457200000,0.457200000
16.510009324,0.911231969,0.457200000,0.457200000
16.485035024,0.911231972,0.457200000,0.457200000
16.460060724,0.911231976,0.457200000,0.457200000
16.435086425,0.911231980,0.457200000,0.457200000
16.410112125,0.911231984,0.457200000,0.457200000
16.385137825,0.911231988,0.457200000,0.457200000
16.360163525,0.911231991,0.457200000,0.457200000
16.335189225,0.911231995,0.457200000,0.457200000
16.310214925,0.911231999,0.457200000,0.457200000
16.285240625,0.911232003,0.457200000,0.457200000
16.260266326,0.911232006,0.457200000,0.457200000
16.235292026,0.911232010,0.457200000,0.457200000
16.210317726,0.911232014,0.457200000,0.457200000
16.185343426,0.911232018,0.457200000,0.457200000
16.160369126,0.911232022,0.457200000,0.457200000
16.135394826,0.911232025,0.457200000,0.457200000
16.110420527,0.911232029,0.457200000,0.457200000
16.085446227,0.911232033,0.457200000,0.457200000
16.060471927,0.911232037,0.457200000,0.457200000
16.035497627,0.911232041,0.457200000,0.457200000
16.010523327,0.911232044,0.457200000,0.457200000
15.985549027,0.911232048,0.457200000,0.457200000
15.960574727,0.911232052,0.457200000,0.457200000
15.935600428,0.911232056,0.457200000,0.457200000
15.910626128,0.911232060,0.457200000,0.457200000
15.885651828,0.911232063,0.457200000,0.457200000
15.860677528,0.911232067,0.457200000,0.457200000
15.835703228,0.911232071,0.457200000,0.457200000
15.810728928,0.911232075,0.457200000,0.457200000
15.785754628,0.911232079,0.457200000,0.457200000
15.760780329,0.911232082,0.457200000,0.457200000
15.735806029,0.911232086,0.457200000,0.457200000
15.710831729,0.911232090,0.457200000,0.457200000
15.685857429,0.911232094,0.457200000,0.457200000
15.660883129,0.911232098,0.457200000,0.457200000
15.635908829,0.911232101,0.457200000,0.457200000
15.610934530,0.911232105,0.457200000,0.457200000
15.585960230,0.911232109,0.457200000,0.457200000
15.560985930,0.911232113,0.457200000,0.457200000
15.536011630,0.911232117,0.457200000,0.457200000
15.511037330,0.911232120,0.457200000,0.457200000
15.486063030,0.911232124,0.457200000,0.457200000
15.461088730,0.911232128,0.457200000,0.457200000
15.436114431,0.911232132,0.457200000,0.457200000
15.411140131,0.911232136,0.457200000,0.457200000
15.386165831,0.911232139,0.457200000,0.457200000
15.361191531,0.911232143,0.457200000,0.457200000
15.336217231,0.911232147,0.457200000,0.457200000
15.311242931,0.911232151,0.457200000,0.457200000
15.286268631,0.911232154,0.457200000,0.457200000
15.261294332,0.911232158,0.457200000,0.457200000
15.236320032,0.911232162,0.457200000,0.457200000
15.211345732,0.911232166,0.457200000,0.457200000
15.186371432,0.911232170,0.457200000,0.457200000
15.161397132,0.911232173,0.457200000,0.457200000
15.136422832,0.911232177,0.457200000,0.457200000
15.111448533,0.911232181,0.457200000,0.457200000
15.086474233,0.911232185,0.457200000,0.457200000
15.061499933,0.911232189,0.457200000,0.457200000
15.036525633,0.911232192,0.457200000,0.457200000
15.011551333,0.911232196,0.457200000,0.457200000
14.986577033,0.911232200,0.457200000,0.457200000
14.961602733,0.911232204,0.457200000,0.457200000
14.936628434,0.911232208,0.457200000,0.457200000
14.911654134,0.911232211,0.457200000,0.457200000
14.886679834,0.911232215,0.457200000,0.457200000
14.861705534,0.911232219,0.457200000,0.457200000
14.836731234,0.911232223,0.457200000,0.457200000
14.811756934,0.911232227,0.457200000,0.457200000
14.786782635,0.911232230,0.457200000,0.457200000
14.761808335,0.911232234,0.457200000,0.457200000
14.736834035,0.911232238,0.457200000,0.457200000
14.711859735,0.911232242,0.457200000,0.457200000
14.686885435,0.911232246,0.457200000,0.457200000
14.661911135,0.911232249,0.457200000,0.457200000
14.636936835,0.911232253,0.457200000,0.457200000
14.611962536,0.911232257,0.457200000,0.457200000
14.586988236,0.911232261,0.457200000,0.457200000
14.562013936,0.911232265,0.457200000,0.457200000
14.537039636,0.911232268,0.457200000,0.457200000
14.512065336,0.911232272,0.457200000,0.457200000
14.487091036,0.911232276,0.457200000,0.457200000
14.462116736,0.911232280,0.457200000,0.457200000
14.437142437,0.911232283,0.457200000,0.457200000
14.412168137,0.911232287,0.457200000,0.457200000
14.387193837,0.911232291,0.457200000,0.457200000
14.362219537,0.911232295,0.457200000,0.457200000
14.337245237,0.911232299,0.457200000,0.457200000
14.312270937,0.911232302,0.457200000,0.457200000
14.287296638,0.911232306,0.457200000,0.457200000
14.262322338,0.911232310,0.457200000,0.457200000
14.237348038,0.911232314,0.457200000,0.457200000
14.212373738,0.911232318,0.457200000,0.457200000
14.187399438,0.911232321,0.457200000,0.457200000
14.162425138,0.911232325,0.457200000,0.457200000
14.137450838,0.911232329,0.457200000,0.457200000
14.112476539,0.911232333,0.457200000,0.457200000
14.087502239,0.911232337,0.457200000,0.457200000
14.062527939,0.911232340,0.457200000,0.457200000
14.037553639,0.911232344,0.457200000,0.457200000
14.012579339,0.911232348,0.457200000,0.457200000
13.987605039,0.911232352,0.457200000,0.457200000
13.962630739,0.911232356,0.457200000,0.457200000
13.937728536,0.911249620,0.457200000,0.457200000
13.912826380,0.911300793,0.457200000,0.457200000
13.887924316,0.911385875,0.457200000,0.457200000
13.863022392,0.911504865,0.457200000,0.457200000
13.838120652,0.911657763,0.457200000,0.457200000
13.813219144,0.911844569,0.457200000,0.457200000
13.788317913,0.912065282,0.457200000,0.457200000
13.763417006,0.912319902,0.457200000,0.457200000
13.738516468,0.912608429,0.457200000,0.457200000
13.713616347,0.912930861,0.457200000,0.457200000
13.688716687,0.913287200,0.457200000,0.457200000
13.663817536,0.913677443,0.457200000,0.457200000
13.638918940,0.914101590,0.457200000,0.457200000
13.614020944,0.914559640,0.457200000,0.457200000
13.589123595,0.915051593,0.457200000,0.457200000
13.564226938,0.915577447,0.457200000,0.457200000
13.539331021,0.916137202,0.457200000,0.457200000
13.514435890,0.916730856,0.457200000,0.457200000
13.489541589,0.917358408,0.457200000,0.457200000
13.464648166,0.918019858,0.457200000,0.457200000
13.439755667,0.918715204,0.457200000,0.457200000
13.414864138,0.919444444,0.457200000,0.457200000
13.389973625,0.920207578,0.457200000,0.457200000
13.365084175,0.921004604,0.457200000,0.457200000
13.340195832,0.921835520,0.457200000,0.457200000
13.315308644,0.922700325,0.457200000,0.457200000
13.290422657,0.923599018,0.457200000,0.457200000
13.265537916,0.924531596,0.457200000,0.457200000
13.240654469,0.925498058,0.457200000,0.457200000
13.215772360,0.926498402,0.457200000,0.457200000
13.190891637,0.927532626,0.457200000,0.457200000
13.166012345,0.928600729,0.457200000,0.457200000
13.141134530,0.929702708,0.457200000,0.457200000
13.116258239,0.930838561,0.457200000,0.457200000
13.091383518,0.932008287,0.457200000,0.457200000
13.066510413,0.933211883,0.457200000,0.457200000
13.041638970,0.934449346,0.457200000,0.457200000
13.016769234,0.935720675,0.457200000,0.457200000
12.991901253,0.937025868,0.457200000,0.457200000
12.967035072,0.938364920,0.457200000,0.457200000
12.942170738,0.939737832,0.457200000,0.457200000
12.917308296,0.941144599,0.457200000,0.457200000
12.892447792,0.942585219,0.457200000,0.457200000
12.867589274,0.944059689,0.457200000,0.457200000
12.842732786,0.945568008,0.457200000,0.457200000
12.817878375,0.947110171,0.457200000,0.457200000
12.793026087,0.948686176,0.457200000,0.457200000
12.768175968,0.950296020,0.457200000,0.457200000
12.743328064,0.951939701,0.457200000,0.457200000
12.718482421,0.953617214,0.457200000,0.457200000
12.693639086,0.955328558,0.457200000,0.457200000
12.668798104,0.957073728,0.457200000,0.457200000
12.643959521,0.958852722,0.457200000,0.457200000
12.619123384,0.960665536,0.457200000,0.457200000
12.594289738,0.962512167,0.457200000,0.457200000
12.569458630,0.964392612,0.457200000,0.457200000
12.544630105,0.966306867,0.457200000,0.457200000
12.519804210,0.968254928,0.457200000,0.457200000
12.494980990,0.970236792,0.457200000,0.457200000
12.470160492,0.972252455,0.457200000,0.457200000
12.445342762,0.974301913,0.457200000,0.457200000
12.420527846,0.976385164,0.457200000,0.457200000
12.395715789,0.978502201,0.457200000,0.457200000
12.370906638,0.980653023,0.457200000,0.457200000
12.346100438,0.982837625,0.457200000,0.457200000
12.321297237,0.985056002,0.457200000,0.457200000
12.296497079,0.987308152,0.457200000,0.457200000
12.271700010,0.989594068,0.457200000,0.457200000
12.246906078,0.991913748,0.457200000,0.457200000
12.222115327,0.994267187,0.457200000,0.457200000
12.197327803,0.996654381,0.457200000,0.457200000
12.172543553,0.999075324,0.457200000,0.457200000
12.147762623,1.001530014,0.457200000,0.457200000
12.122985058,1.004018445,0.457200000,0.457200000
12.098210904,1.006540612,0.457200000,0.457200000
12.073440208,1.009096511,0.457200000,0.457200000
12.048673015,1.011686137,0.457200000,0.457200000
12.023909371,1.014309485,0.457200000,0.457200000
11.999149322,1.016966551,0.457200000,0.457200000
11.974392915,1.019657330,0.457200000,0.457200000
11.949640194,1.022381816,0.457200000,0.457200000
11.924891206,1.025140004,0.457200000,0.457200000
11.900145996,1.027931890,0.457200000,0.457200000
11.875404612,1.030757468,0.457200000,0.457200000
11.850667097,1.033616733,0.457200000,0.457200000
11.825933499,1.036509679,0.457200000,0.457200000
11.801203863,1.039436302,0.457200000,0.457200000
11.776478235,1.042396596,0.457200000,0.457200000
11.751756661,1.045390555,0.457200000,0.457200000
11.727039187,1.048418174,0.457200000,0.457200000
11.702325858,1.051479447,0.457200000,0.457200000
11.677616721,1.054574369,0.457200000,0.457200000
11.652911821,1.057702934,0.457200000,0.457200000
11.628211203,1.060865135,0.457200000,0.457200000
11.603514915,1.064060968,0.457200000,0.457200000
11.578823001,1.067290426,0.457200000,0.457200000
11.554135507,1.070553503,0.457200000,0.457200000
11.529452480,1.073850193,0.457200000,0.457200000
11.504773964,1.077180491,0.457200000,0.457200000
11.480100006,1.080544389,0.457200000,0.457200000
11.455430652,1.083941882,0.457200000,0.457200000
11.430765946,1.087372963,0.457200000,0.457200000
11.406105936,1.090837626,0.457200000,0.457200000
11.381450666,1.094335865,0.457200000,0.457200000
11.356800182,1.097867673,0.457200000,0.457200000
11.332154530,1.101433043,0.457200000,0.457200000
11.307513756,1.105031969,0.457200000,0.457200000
11.282877906,1.108664445,0.457200000,0.457200000
11.258247024,1.112330463,0.457200000,0.457200000
11.233621157,1.116030016,0.457200000,0.457200000
11.209000351,1.119763099,0.457200000,0.457200000
11.184384651,1.123529704,0.457200000,0.457200000
11.159774102,1.127329823,0.457200000,0.457200000
11.135168751,1.131163450,0.457200000,0.457200000
11.110568642,1.135030578,0.457200000,0.457200000
11.085973823,1.138931200,0.457200000,0.457200000
11.061384337,1.142865308,0.457200000,0.457200000
11.036800231,1.146832896,0.457200000,0.457200000
11.012221550,1.150833955,0.457200000,0.457200000
10.987648341,1.154868478,0.457200000,0.457200000
10.963080647,1.158936458,0.457200000,0.457200000
10.938518516,1.163037887,0.457200000,0.457200000
10.913961993,1.167172759,0.457200000,0.457200000
10.889411122,1.171341064,0.457200000,0.457200000
10.864865950,1.175542795,0.457200000,0.457200000
10.840326522,1.179777945,0.457200000,0.457200000
10.815792884,1.184046506,0.457200000,0.457200000
10.791265081,1.188348469,0.457200000,0.457200000
10.766743159,1.192683827,0.457200000,0.457200000
10.742227162,1.197052572,0.457200000,0.457200000
10.717717137,1.201454695,0.457200000,0.457200000
10.693213129,1.205890189,0.457200000,0.457200000
10.668715184,1.210359045,0.457200000,0.457200000
10.644223346,1.214861256,0.457200000,0.457200000
10.619737661,1.219396811,0.457200000,0.457200000
10.595258175,1.223965704,0.457200000,0.457200000
10.570784934,1.228567926,0.457200000,0.457200000
10.546317981,1.233203468,0.457200000,0.457200000
10.521857363,1.237872321,0.457200000,0.457200000
10.497403126,1.242574477,0.457200000,0.457200000
10.472955314,1.247309928,0.457200000,0.457200000
10.448513972,1.252078664,0.457200000,0.457200000
10.424079147,1.256880676,0.457200000,0.457200000
10.399650883,1.261715957,0.457200000,0.457200000
10.375229226,1.266584496,0.457200000,0.457200000
10.350814220,1.271486284,0.457200000,0.457200000
10.326405912,1.276421314,0.457200000,0.457200000
10.302004347,1.281389575,0.457200000,0.457200000
10.277609569,1.286391058,0.457200000,0.457200000
10.253221625,1.291425754,0.457200000,0.457200000
10.228840558,1.296493653,0.457200000,0.457200000
10.204466415,1.301594747,0.457200000,0.457200000
10.180068609,1.306738976,0.457200000,0.457200000
10.155679253,1.311923116,0.457200000,0.457200000
10.131298411,1.317147153,0.457200000,0.457200000
10.106926149,1.322411072,0.457200000,0.457200000
10.082562532,1.327714859,0.457200000,0.457200000
10.058207625,1.333058501,0.457200000,0.457200000
10.033861493,1.338441983,0.457200000,0.457200000
10.009524202,1.343865290,0.457200000,0.457200000
9.985195816,1.349328408,0.457200000,0.457200000
9.960876401,1.354831323,0.457200000,0.457200000
9.936566022,1.360374020,0.457200000,0.457200000
9.912264744,1.365956484,0.457200000,0.457200000
9.887972633,1.371578699,0.457200000,0.457200000
9.863689752,1.377240651,0.457200000,0.457200000
9.839416167,1.382942326,0.457200000,0.457200000
9.815151943,1.388683706,0.457200000,0.457200000
9.790897145,1.394464778,0.457200000,0.457200000
9.766651838,1.400285525,0.457200000,0.457200000
9.742416087,1.406145933,0.457200000,0.457200000
9.718189957,1.412045984,0.457200000,0.457200000
9.693973512,1.417985665,0.457200000,0.457200000
9.669766817,1.423964958,0.457200000,0.457200000
9.645569938,1.429983848,0.457200000,0.457200000
9.621382938,1.436042318,0.457200000,0.457200000
9.597205883,1.442140352,0.457200000,0.457200000
9.573038838,1.448277935,0.457200000,0.457200000
9.548881866,1.454455049,0.457200000,0.457200000
9.524735034,1.460671678,0.457200000,0.457200000
9.500598404,1.466927806,0.457200000,0.457200000
9.476472043,1.473223415,0.457200000,0.457200000
9.452356014,1.479558489,0.457200000,0.457200000
9.428250383,1.485933011,0.457200000,0.457200000
9.404155213,1.492346964,0.457200000,0.457200000
9.380070569,1.498800331,0.457200000,0.457200000
9.355996516,1.505293093,0.457200000,0.457200000
9.331933117,1.511825235,0.457200000,0.457200000
9.307880439,1.518396738,0.457200000,0.457200000
9.283838544,1.525007585,0.457200000,0.457200000
9.259807497,1.531657758,0.457200000,0.457200000
9.235787363,1.538347240,0.457200000,0.457200000
9.211778206,1.545076012,0.457200000,0.457200000
9.187780089,1.551844057,0.457200000,0.457200000
9.163793079,1.558651356,0.457200000,0.457200000
9.139817237,1.565497891,0.457200000,0.457200000
9.115852630,1.572383644,0.457200000,0.457200000
9.091899320,1.579308596,0.457200000,0.457200000
9.067957373,1.586272729,0.457200000,0.457200000
9.044026851,1.593276025,0.457200000,0.457200000
9.020107820,1.600318463,0.457200000,0.457200000
8.996200342,1.607400027,0.457200000,0.457200000
8.972304483,1.614520696,0.457200000,0.457200000
8.948420306,1.621680451,0.457200000,0.457200000
8.924547875,1.628879274,0.457200000,0.457200000
8.900687254,1.636117145,0.457200000,0.457200000
8.876838507,1.643394045,0.457200000,0.457200000
8.853001698,1.650709954,0.457200000,0.457200000
8.829176890,1.658064853,0.457200000,0.457200000
8.805364148,1.665458722,0.457200000,0.457200000
8.781563534,1.672891541,0.457200000,0.457200000
8.757775113,1.680363291,0.457200000,0.457200000
8.733998949,1.687873951,0.457200000,0.457200000
8.710235104,1.695423501,0.457200000,0.457200000
8.686483643,1.703011921,0.457200000,0.457200000
8.662744630,1.710639191,0.457200000,0.457200000
8.639018127,1.718305290,0.457200000,0.457200000
8.615304199,1.726010197,0.457200000,0.457200000
8.591602908,1.733753893,0.457200000,0.457200000
8.567914319,1.741536357,0.457200000,0.457200000
8.544238494,1.749357567,0.457200000,0.457200000
8.520575497,1.757217502,0.457200000,0.457200000
8.496925391,1.765116143,0.457200000,0.457200000
8.473288240,1.773053466,0.457200000,0.457200000
8.449664108,1.781029452,0.457200000,0.457200000
8.426053056,1.789044079,0.457200000,0.457200000
8.402455148,1.797097325,0.457200000,0.457200000
8.378870448,1.805189169,0.457200000,0.457200000
8.355299019,1.813319589,0.457200000,0.457200000
8.331740924,1.821488564,0.457200000,0.457200000
8.308196225,1.829696071,0.457200000,0.457200000
8.284664986,1.837942089,0.457200000,0.457200000
8.261147270,1.846226595,0.457200000,0.457200000
8.237643140,1.854549568,0.457200000,0.457200000
8.214152659,1.862910984,0.457200000,0.457200000
8.190675889,1.871310823,0.457200000,0.457200000
8.167212894,1.879749060,0.457200000,0.457200000
8.143763735,1.888225675,0.457200000,0.457200000
8.120328477,1.896740643,0.457200000,0.457200000
8.096907182,1.905293942,0.457200000,0.457200000
8.073499912,1.913885549,0.457200000,0.457200000
8.050106730,1.922515442,0.457200000,0.457200000
8.026727699,1.931183597,0.457200000,0.457200000
8.003362881,1.939889991,0.457200000,0.457200000
7.980012339,1.948634600,0.457200000,0.457200000
7.956676135,1.957417401,0.457200000,0.457200000
7.933354332,1.966238372,0.457200000,0.457200000
7.910046992,1.975097487,0.457200000,0.457200000
7.886754178,1.983994724,0.457200000,0.457200000
7.863475952,1.992930058,0.457200000,0.457200000
7.840212376,2.001903466,0.457200000,0.457200000
7.816963513,2.010914924,0.457200000,0.457200000
7.793729425,2.019964407,0.457200000,0.457200000
7.770510173,2.029051891,0.457200000,0.457200000
7.747305821,2.038177352,0.457200000,0.457200000
7.724116430,2.047340766,0.457200000,0.457200000
7.700942062,2.056542108,0.457200000,0.457200000
7.677782780,2.065781353,0.457200000,0.457200000
7.654638645,2.075058477,0.457200000,0.457200000
7.631509719,2.084373454,0.457200000,0.457200000
7.608396065,2.093726261,0.457200000,0.457200000
7.585297744,2.103116871,0.457200000,0.457200000
7.562214817,2.112545260,0.457200000,0.457200000
7.539147348,2.122011402,0.457200000,0.457200000
7.516095396,2.131515273,0.457200000,0.457200000
7.493059025,2.141056846,0.457200000,0.457200000
7.470038296,2.150636096,0.457200000,0.457200000
7.447033271,2.160252998,0.457200000,0.457200000
7.424044010,2.169907525,0.457200000,0.457200000
7.401070576,2.179599653,0.457200000,0.457200000
7.378113030,2.189329354,0.457200000,0.457200000
7.355171433,2.199096604,0.457200000,0.457200000
7.332245848,2.208901375,0.457200000,0.457200000
7.309336335,2.218743641,0.457200000,0.457200000
7.286442955,2.228623377,0.457200000,0.457200000
7.263565770,2.238540555,0.457200000,0.457200000
7.240704842,2.248495150,0.457200000,0.457200000
7.217860231,2.258487134,0.457200000,0.457200000
7.195031998,2.268516481,0.457200000,0.457200000
7.172220205,2.278583164,0.457200000,0.457200000
7.149424912,2.288687156,0.457200000,0.457200000
7.126646182,2.298828430,0.457200000,0.457200000
7.103884074,2.309006959,0.457200000,0.457200000
7.081138649,2.319222715,0.457200000,0.457200000
7.058409969,2.329475671,0.457200000,0.457200000
7.035698095,2.339765800,0.457200000,0.457200000
7.013003086,2.350093075,0.457200000,0.457200000
6.990325005,2.360457467,0.457200000,0.457200000
6.967663910,2.370858949,0.457200000,0.457200000
6.945019865,2.381297492,0.457200000,0.457200000
6.922392928,2.391773070,0.457200000,0.457200000
6.899783160,2.402285654,0.457200000,0.457200000
6.877190623,2.412835216,0.457200000,0.457200000
6.854615375,2.423421727,0.457200000,0.457200000
6.832057479,2.434045160,0.457200000,0.457200000
6.809516994,2.444705485,0.457200000,0.457200000
6.786993980,2.455402675,0.457200000,0.457200000
6.764488499,2.466136700,0.457200000,0.457200000
6.742000609,2.476907533,0.457200000,0.457200000
6.719530372,2.487715143,0.457200000,0.457200000
6.697077847,2.498559503,0.457200000,0.457200000
6.674643095,2.509440583,0.457200000,0.457200000
6.652226175,2.520358353,0.457200000,0.457200000
6.629827148,2.531312786,0.457200000,0.457200000
6.607446073,2.542303851,0.457200000,0.457200000
6.585083011,2.553331519,0.457200000,0.457200000
6.562738022,2.564395761,0.457200000,0.457200000
6.540411164,2.575496547,0.457200000,0.457200000
6.518046801,2.586667441,0.457200000,0.457200000
6.495705391,2.597884169,0.457200000,0.457200000
6.473387027,2.609146684,0.457200000,0.457200000
6.451091803,2.620454937,0.457200000,0.457200000
6.428819813,2.631808882,0.457200000,0.457200000
6.406571150,2.643208470,0.457200000,0.457200000
6.384345908,2.654653654,0.457200000,0.457200000
6.362144181,2.666144386,0.457200000,0.457200000
6.339966062,2.677680617,0.457200000,0.457200000
6.317811643,2.689262299,0.457200000,0.457200000
6.295681019,2.700889383,0.457200000,0.457200000
6.273574282,2.712561821,0.457200000,0.457200000
6.251491526,2.724279562,0.457200000,0.457200000
6.229432842,2.736042559,0.457200000,0.457200000
6.207398324,2.747850761,0.457200000,0.457200000
6.185388065,2.759704118,0.457200000,0.457200000
6.163402156,2.771602582,0.457200000,0.457200000
6.141440691,2.783546102,0.457200000,0.457200000
6.119503762,2.795534627,0.457200000,0.457200000
6.097591460,2.807568107,0.457200000,0.457200000
6.075703879,2.819646493,0.457200000,0.457200000
6.053841110,2.831769732,0.457200000,0.457200000
6.032003245,2.843937775,0.457200000,0.457200000
6.010190375,2.856150569,0.457200000,0.457200000
5.988402594,2.868408063,0.457200000,0.457200000
5.966639991,2.880710207,0.457200000,0.457200000
5.944902659,2.893056948,0.457200000,0.457200000
5.923190689,2.905448234,0.457200000,0.457200000
5.901504172,2.917884013,0.457200000,0.457200000
5.879843200,2.930364233,0.457200000,0.457200000
5.858207864,2.942888842,0.457200000,0.457200000
5.836598254,2.955457786,0.457200000,0.457200000
5.815014461,2.968071014,0.457200000,0.457200000
5.793456577,2.980728471,0.457200000,0.457200000
5.771924691,2.993430105,0.457200000,0.457200000
5.750418895,3.006175863,0.457200000,0.457200000
5.728939278,3.018965690,0.457200000,0.457200000
5.707485931,3.031799533,0.457200000,0.457200000
5.686058945,3.044677338,0.457200000,0.457200000
5.664658409,3.057599050,0.457200000,0.457200000
5.643284413,3.070564617,0.457200000,0.457200000
5.621937047,3.083573982,0.457200000,0.457200000
5.600616402,3.096627092,0.457200000,0.457200000
5.579322565,3.109723891,0.457200000,0.457200000
5.558055628,3.122864325,0.457200000,0.457200000
5.536815680,3.136048337,0.457200000,0.457200000
5.515602809,3.149275873,0.457200000,0.457200000
5.494417105,3.162546878,0.457200000,0.457200000
5.473258657,3.175861294,0.457200000,0.457200000
5.452127554,3.189219067,0.457200000,0.457200000
5.431023885,3.202620141,0.457200000,0.457200000
5.409947738,3.216064457,0.457200000,0.457200000
5.388899203,3.229551962,0.457200000,0.457200000
5.367878367,3.243082596,0.457200000,0.457200000
5.346885320,3.256656305,0.457200000,0.457200000
5.325920148,3.270273030,0.457200000,0.457200000
5.304982942,3.283932714,0.457200000,0.457200000
5.284073787,3.297635301,0.457200000,0.457200000
5.263192773,3.311380731,0.457200000,0.457200000
5.242339987,3.325168948,0.457200000,0.457200000
5.221515517,3.338999894,0.457200000,0.457200000
5.200719451,3.352873510,0.457200000,0.457200000
5.179951875,3.366789739,0.457200000,0.457200000
5.159212878,3.380748520,0.457200000,0.457200000
5.138502546,3.394749797,0.457200000,0.457200000
5.117820966,3.408793510,0.457200000,0.457200000
5.097168225,3.422879600,0.457200000,0.457200000
5.076544411,3.437008007,0.457200000,0.457200000
5.055949610,3.451178673,0.457200000,0.457200000
5.035383908,3.465391538,0.457200000,0.457200000
5.014847392,3.479646541,0.457200000,0.457200000
4.994340149,3.493943624,0.457200000,0.457200000
4.973862264,3.508282726,0.457200000,0.457200000
4.953413824,3.522663786,0.457200000,0.457200000
4.932994914,3.537086744,0.457200000,0.457200000
4.912605621,3.551551541,0.457200000,0.457200000
4.892246030,3.566058114,0.457200000,0.457200000
4.871916226,3.580606402,0.457200000,0.457200000
4.851616296,3.595196346,0.457200000,0.457200000
4.831346325,3.609827882,0.457200000,0.457200000
4.811106397,3.624500951,0.457200000,0.457200000
4.790896598,3.639215489,0.457200000,0.457200000
4.770717013,3.653971436,0.457200000,0.457200000
4.750567727,3.668768729,0.457200000,0.457200000
4.730448824,3.683607305,0.457200000,0.457200000
4.710360390,3.698487104,0.457200000,0.457200000
4.690302507,3.713408061,0.457200000,0.457200000
4.670275262,3.728370115,0.457200000,0.457200000
4.650278738,3.743373202,0.457200000,0.457200000
4.630313018,3.758417259,0.457200000,0.457200000
4.610378188,3.773502223,0.457200000,0.457200000
4.590474330,3.788628031,0.457200000,0.457200000
4.570601529,3.803794619,0.457200000,0.457200000
4.550759868,3.819001923,0.457200000,0.457200000
4.530949431,3.834249880,0.457200000,0.457200000
4.511170300,3.849538425,0.457200000,0.457200000
4.491422560,3.864867493,0.457200000,0.457200000
4.471706292,3.880237022,0.457200000,0.457200000
4.452021580,3.895646945,0.457200000,0.457200000
4.432368507,3.911097198,0.457200000,0.457200000
4.412747155,3.926587716,0.457200000,0.457200000
4.393157607,3.942118434,0.457200000,0.457200000
4.373599945,3.957689287,0.457200000,0.457200000
4.354074251,3.973300209,0.457200000,0.457200000
4.334580608,3.988951135,0.457200000,0.457200000
4.315119097,4.004641999,0.457200000,0.457200000
4.295689800,4.020372734,0.457200000,0.457200000
4.276292799,4.036143275,0.457200000,0.457200000
4.256928175,4.051953556,0.457200000,0.457200000
4.237596011,4.067803509,0.457200000,0.457200000
4.218296386,4.083693069,0.457200000,0.457200000
4.199029383,4.099622168,0.457200000,0.457200000
4.179795082,4.115590739,0.457200000,0.457200000
4.160593565,4.131598716,0.457200000,0.457200000
4.141424911,4.147646031,0.457200000,0.457200000
4.122289202,4.163732617,0.457200000,0.457200000
4.103186517,4.179858406,0.457200000,0.457200000
4.084116938,4.196023329,0.457200000,0.457200000
4.065080544,4.212227320,0.457200000,0.457200000
4.046077416,4.228470310,0.457200000,0.457200000
4.027107633,4.244752231,0.457200000,0.457200000
4.008171275,4.261073014,0.457200000,0.457200000
3.989268422,4.277432591,0.457200000,0.457200000
3.970399153,4.293830893,0.457200000,0.457200000
3.951563548,4.310267850,0.457200000,0.457200000
3.932761685,4.326743395,0.457200000,0.457200000
3.913993644,4.343257457,0.457200000,0.457200000
3.895259504,4.359809967,0.457200000,0.457200000
3.876559343,4.376400856,0.457200000,0.457200000
3.857893240,4.393030054,0.457200000,0.457200000
3.839261274,4.409697491,0.457200000,0.457200000
3.820663523,4.426403096,0.457200000,0.457200000
3.802100065,4.443146800,0.457200000,0.457200000
3.783570978,4.459928532,0.457200000,0.457200000
3.765076339,4.476748222,0.457200000,0.457200000
3.746616228,4.493605799,0.457200000,0.457200000
3.728190721,4.510501192,0.457200000,0.457200000
3.709799896,4.527434330,0.457200000,0.457200000
3.691443830,4.544405142,0.457200000,0.457200000
3.673122601,4.561413556,0.457200000,0.457200000
3.654836284,4.578459501,0.457200000,0.457200000
3.636584958,4.595542906,0.457200000,0.457200000
3.618368699,4.612663698,0.457200000,0.457200000
3.600187584,4.629821805,0.457200000,0.457200000
3.582041689,4.647017156,0.457200000,0.457200000
3.563931090,4.664249678,0.457200000,0.457200000
3.545855863,4.681519299,0.457200000,0.457200000
3.527816085,4.698825945,0.457200000,0.457200000
3.509811831,4.716169545,0.457200000,0.457200000
3.491843177,4.733550025,0.457200000,0.457200000
3.473930616,4.750959344,0.457200000,0.457200000
3.456065679,4.768417531,0.457200000,0.457200000
3.438248499,4.785924454,0.457200000,0.457200000
3.420479210,4.803479983,0.457200000,0.457200000
3.402757944,4.821083988,0.457200000,0.457200000
3.385084833,4.838736336,0.457200000,0.457200000
3.367460009,4.856436897,0.457200000,0.457200000
3.349883604,4.874185538,0.457200000,0.457200000
3.332355749,4.891982126,0.457200000,0.457200000
3.314876575,4.909826529,0.457200000,0.457200000
3.297446212,4.927718614,0.457200000,0.457200000
3.280064790,4.945658247,0.457200000,0.457200000
3.262732439,4.963645294,0.457200000,0.457200000
3.245449288,4.981679621,0.457200000,0.457200000
3.228215467,4.999761093,0.457200000,0.457200000
3.211031103,5.017889577,0.457200000,0.457200000
3.193896326,5.036064935,0.457200000,0.457200000
3.176811262,5.054287033,0.457200000,0.457200000
3.159776040,5.072555734,0.457200000,0.457200000
3.142790786,5.090870903,0.457200000,0.457200000
3.125855628,5.109232403,0.457200000,0.457200000
3.108970691,5.127640096,0.457200000,0.457200000
3.092136102,5.146093845,0.457200000,0.457200000
3.075351986,5.164593513,0.457200000,0.457200000
3.058618469,5.183138962,0.457200000,0.457200000
3.041935676,5.201730052,0.457200000,0.457200000
3.025303730,5.220366646,0.457200000,0.457200000
3.008722756,5.239048604,0.457200000,0.457200000
2.992192878,5.257775787,0.457200000,0.457200000
2.975714219,5.276548055,0.457200000,0.457200000
2.959286902,5.295365269,0.457200000,0.457200000
2.942911050,5.314227286,0.457200000,0.457200000
2.926586784,5.333133968,0.457200000,0.457200000
2.910314228,5.352085173,0.457200000,0.457200000
2.894093501,5.371080758,0.457200000,0.457200000
2.877924726,5.390120584,0.457200000,0.457200000
2.861808022,5.409204507,0.457200000,0.457200000
2.845743511,5.428332385,0.457200000,0.457200000
2.829731311,5.447504076,0.457200000,0.457200000
2.813771543,5.466719436,0.457200000,0.457200000
2.797864325,5.485978321,0.457200000,0.457200000
2.782009777,5.505280589,0.457200000,0.457200000
2.766208016,5.524626096,0.457200000,0.457200000
2.750459161,5.544014696,0.457200000,0.457200000
2.734763329,5.563446245,0.457200000,0.457200000
2.719120636,5.582920598,0.457200000,0.457200000
2.703531201,5.602437610,0.457200000,0.457200000
2.687995139,5.621997135,0.457200000,0.457200000
2.672512566,5.641599028,0.457200000,0.457200000
2.657083598,5.661243141,0.457200000,0.457200000
2.641708349,5.680929329,0.457200000,0.457200000
2.626386935,5.700657444,0.457200000,0.457200000
2.611119470,5.720427339,0.457200000,0.457200000
2.595906068,5.740238867,0.457200000,0.457200000
2.580746842,5.760091880,0.457200000,0.457200000
2.565641905,5.779986229,0.457200000,0.457200000
2.550591371,5.799921767,0.457200000,0.457200000
2.535595351,5.819898344,0.457200000,0.457200000
2.520653957,5.839915812,0.457200000,0.457200000
2.505767301,5.859974021,0.457200000,0.457200000
2.490935495,5.880072821,0.457200000,0.457200000
2.476158648,5.900212062,0.457200000,0.457200000
2.461436870,5.920391595,0.457200000,0.457200000
2.446770273,5.940611268,0.457200000,0.457200000
2.432158965,5.960870930,0.457200000,0.457200000
2.417603055,5.981170431,0.457200000,0.457200000
2.403102652,6.001509619,0.457200000,0.457200000
2.388657864,6.021888342,0.457200000,0.457200000
2.374268799,6.042306448,0.457200000,0.457200000
2.359935564,6.062763785,0.457200000,0.457200000
2.345658266,6.083260200,0.457200000,0.457200000
2.331437012,6.103795540,0.457200000,0.457200000
2.317271908,6.124369652,0.457200000,0.457200000
2.303163060,6.144982382,0.457200000,0.457200000
2.289110572,6.165633577,0.457200000,0.457200000
2.275114550,6.186323082,0.457200000,0.457200000
2.261175099,6.207050744,0.457200000,0.457200000
2.247292321,6.227816406,0.457200000,0.457200000
2.233466322,6.248619915,0.457200000,0.457200000
2.219697203,6.269461115,0.457200000,0.457200000
2.205985068,6.290339851,0.457200000,0.457200000
2.192330019,6.311255966,0.457200000,0.457200000
2.178732158,6.332209306,0.457200000,0.457200000
2.165191586,6.353199712,0.457200000,0.457200000
2.151708405,6.374227030,0.457200000,0.457200000
2.138282715,6.395291101,0.457200000,0.457200000
2.124914616,6.416391769,0.457200000,0.457200000
2.111604208,6.437528876,0.457200000,0.457200000
2.098351590,6.458702264,0.457200000,0.457200000
2.085156862,6.479911776,0.457200000,0.457200000
2.072020121,6.501157254,0.457200000,0.457200000
2.058941466,6.522438537,0.457200000,0.457200000
2.045920995,6.543755469,0.457200000,0.457200000
2.032958804,6.565107889,0.457200000,0.457200000
2.020054990,6.586495639,0.457200000,0.457200000
2.007209649,6.607918559,0.457200000,0.457200000
1.994422878,6.629376488,0.457200000,0.457200000
1.981694772,6.650869267,0.457200000,0.457200000
1.969025425,6.672396736,0.457200000,0.457200000
1.956414933,6.693958734,0.457200000,0.457200000
1.943863389,6.715555099,0.457200000,0.457200000
1.931370888,6.737185671,0.457200000,0.457200000
1.918937521,6.758850289,0.457200000,0.457200000
1.906563383,6.780548790,0.457200000,0.457200000
1.894248565,6.802281013,0.457200000,0.457200000
1.881993159,6.824046795,0.457200000,0.457200000
1.869797257,6.845845975,0.457200000,0.457200000
1.857660950,6.867678389,0.457200000,0.457200000
1.845584328,6.889543874,0.457200000,0.457200000
1.833567482,6.911442268,0.457200000,0.457200000
1.821610501,6.933373407,0.457200000,0.457200000
1.809713474,6.955337128,0.457200000,0.457200000
1.797876490,6.977333265,0.457200000,0.457200000
1.786099638,6.999361656,0.457200000,0.457200000
1.774383005,7.021422136,0.457200000,0.457200000
1.762726679,7.043514540,0.457200000,0.457200000
1.751130746,7.065638703,0.457200000,0.457200000
1.739595294,7.087794461,0.457200000,0.457200000
1.728120409,7.109981648,0.457200000,0.457200000
1.716706175,7.132200098,0.457200000,0.457200000
1.705352679,7.154449645,0.457200000,0.457200000
1.694060004,7.176730124,0.457200000,0.457200000
1.682828236,7.199041369,0.457200000,0.457200000
1.671657457,7.221383212,0.457200000,0.457200000
1.660547752,7.243755488,0.457200000,0.457200000
1.649499203,7.266158028,0.457200000,0.457200000
1.638511893,7.288590667,0.457200000,0.457200000
1.627585904,7.311053236,0.457200000,0.457200000
1.616721317,7.333545568,0.457200000,0.457200000
1.605918213,7.356067495,0.457200000,0.457200000
1.595176673,7.378618849,0.457200000,0.457200000
1.584496777,7.401199462,0.457200000,0.457200000
1.573878605,7.423809165,0.457200000,0.457200000
1.563322236,7.446447790,0.457200000,0.457200000
1.552827749,7.469115167,0.457200000,0.457200000
1.542395221,7.491811127,0.457200000,0.457200000
1.532024732,7.514535502,0.457200000,0.457200000
1.521716358,7.537288121,0.457200000,0.457200000
1.511470176,7.560068815,0.457200000,0.457200000
1.501286264,7.582877414,0.457200000,0.457200000
1.491164695,7.605713747,0.457200000,0.457200000
1.481105547,7.628577644,0.457200000,0.457200000
1.471108895,7.651468935,0.457200000,0.457200000
1.461174812,7.674387448,0.457200000,0.457200000
1.451321115,7.697334903,0.457200000,0.457200000
1.441561510,7.720322532,0.457200000,0.457200000
1.431896161,7.743349952,0.457200000,0.457200000
1.422325229,7.766416774,0.457200000,0.457200000
1.412848876,7.789522611,0.457200000,0.457200000
1.403467260,7.812667077,0.457200000,0.457200000
1.394180539,7.835849783,0.457200000,0.457200000
1.384988869,7.859070339,0.457200000,0.457200000
1.375892405,7.882328355,0.457200000,0.457200000
1.366891297,7.905623442,0.457200000,0.457200000
1.357985699,7.928955209,0.457200000,0.457200000
1.349175759,7.952323263,0.457200000,0.457200000
1.340461625,7.975727213,0.457200000,0.457200000
1.331843443,7.999166666,0.457200000,0.457200000
1.323321358,8.022641229,0.457200000,0.457200000
1.314895513,8.046150507,0.457200000,0.457200000
1.306566050,8.069694106,0.457200000,0.457200000
1.298333108,8.093271630,0.457200000,0.457200000
1.290196826,8.116882685,0.457200000,0.457200000
1.282157339,8.140526874,0.457200000,0.457200000
1.274214783,8.164203800,0.457200000,0.457200000
1.266369292,8.187913066,0.457200000,0.457200000
1.258620996,8.211654273,0.457200000,0.457200000
1.250970026,8.235427024,0.457200000,0.457200000
1.243416511,8.259230919,0.457200000,0.457200000
1.235960576,8.283065558,0.457200000,0.457200000
1.228602348,8.306930543,0.457200000,0.457200000
1.221341949,8.330825472,0.457200000,0.457200000
1.214179502,8.354749944,0.457200000,0.457200000
1.207115127,8.378703558,0.457200000,0.457200000
1.200148942,8.402685911,0.457200000,0.457200000
1.193281065,8.426696602,0.457200000,0.457200000
1.186511610,8.450735227,0.457200000,0.457200000
1.179840691,8.474801383,0.457200000,0.457200000
1.173268420,8.498894665,0.457200000,0.457200000
1.166794907,8.523014670,0.457200000,0.457200000
1.160420262,8.547160993,0.457200000,0.457200000
1.154144590,8.571333228,0.457200000,0.457200000
1.147967998,8.595530970,0.457200000,0.457200000
1.141890589,8.619753813,0.457200000,0.457200000
1.135912465,8.644001350,0.457200000,0.457200000
1.130033726,8.668273174,0.457200000,0.457200000
1.124254471,8.692568878,0.457200000,0.457200000
1.118574797,8.716888054,0.457200000,0.457200000
1.112994800,8.741230294,0.457200000,0.457200000
1.107514572,8.765595189,0.457200000,0.457200000
1.102134207,8.789982330,0.457200000,0.457200000
1.096853793,8.814391309,0.457200000,0.457200000
1.091673421,8.838821716,0.457200000,0.457200000
1.086593176,8.863273139,0.457200000,0.457200000
1.081613144,8.887745170,0.457200000,0.457200000
1.076733409,8.912237398,0.457200000,0.457200000
1.071954053,8.936749410,0.457200000,0.457200000
1.067275155,8.961280797,0.457200000,0.457200000
1.062696795,8.985831146,0.457200000,0.457200000
1.058219048,9.010400045,0.457200000,0.457200000
1.053841991,9.034987081,0.457200000,0.457200000
1.049565697,9.059591844,0.457200000,0.457200000
1.045390237,9.084213918,0.457200000,0.457200000
1.041315682,9.108852891,0.457200000,0.457200000
1.037342099,9.133508350,0.457200000,0.457200000
1.033469557,9.158179881,0.457200000,0.457200000
1.029698119,9.182867069,0.457200000,0.457200000
1.026027849,9.207569501,0.457200000,0.457200000
1.022458808,9.232286761,0.457200000,0.457200000
1.018991057,9.257018436,0.457200000,0.457200000
1.015624654,9.281764109,0.457200000,0.457200000
1.012359654,9.306523365,0.457200000,0.457200000
1.009196114,9.331295790,0.457200000,0.457200000
1.006134086,9.356080967,0.457200000,0.457200000
1.003173621,9.380878480,0.457200000,0.457200000
1.000314769,9.405687913,0.457200000,0.457200000
0.997557578,9.430508850,0.457200000,0.457200000
0.994902095,9.455340874,0.457200000,0.457200000
0.992348363,9.480183569,0.457200000,0.457200000
0.989896426,9.505036517,0.457200000,0.457200000
0.987546326,9.529899301,0.457200000,0.457200000
0.985298100,9.554771504,0.457200000,0.457200000
0.983151788,9.579652709,0.457200000,0.457200000
0.981107425,9.604542498,0.457200000,0.457200000
0.979165045,9.629440453,0.457200000,0.457200000
0.977324681,9.654346157,0.457200000,0.457200000
0.975586365,9.679259191,0.457200000,0.457200000
0.973950124,9.704179137,0.457200000,0.457200000
0.972415987,9.729105578,0.457200000,0.457200000
0.970983979,9.754038094,0.457200000,0.457200000
0.969654125,9.778976267,0.457200000,0.457200000
0.968426446,9.803919680,0.457200000,0.457200000
0.967300964,9.828867912,0.457200000,0.457200000
0.966277696,9.853820546,0.457200000,0.457200000
0.965356661,9.878777162,0.457200000,0.457200000
0.964537874,9.903737343,0.457200000,0.457200000
0.963821348,9.928700668,0.457200000,0.457200000
0.963207096,9.953666719,0.457200000,0.457200000
0.962695128,9.978635077,0.457200000,0.457200000
0.962285452,10.003605323,0.457200000,0.457200000
0.961978076,10.028577037,0.457200000,0.457200000
0.961773004,10.053549802,0.457200000,0.457200000
0.961670240,10.078523196,0.457200000,0.457200000
0.961669786,10.103496803,0.457200000,0.457200000
0.961771641,10.128470201,0.457200000,0.457200000
0.961975804,10.153442973,0.457200000,0.457200000
0.962282272,10.178414699,0.457200000,0.457200000
0.962691039,10.203384960,0.457200000,0.457200000
0.963202099,10.228353336,0.457200000,0.457200000
0.963815442,10.253319410,0.457200000,0.457200000
0.964531060,10.278282761,0.457200000,0.457200000
0.965348939,10.303242971,0.457200000,0.457200000
0.966269066,10.328199621,0.457200000,0.457200000
0.967291425,10.353152292,0.457200000,0.457200000
0.968416000,10.378100565,0.457200000,0.457200000
0.969642771,10.403044022,0.457200000,0.457200000
0.970971718,10.427982244,0.457200000,0.457200000
0.972402818,10.452914812,0.457200000,0.457200000
0.973936048,10.477841309,0.457200000,0.457200000
0.975571382,10.502761315,0.457200000,0.457200000
0.977308792,10.527674412,0.457200000,0.457200000
0.979148250,10.552580182,0.457200000,0.457200000
0.981089723,10.577478208,0.457200000,0.457200000
0.983133181,10.602368072,0.457200000,0.457200000
0.985278588,10.627249354,0.457200000,0.457200000
0.987525908,10.652121640,0.457200000,0.457200000
0.989875104,10.676984509,0.457200000,0.457200000
0.992326136,10.701837546,0.457200000,0.457200000
0.994878964,10.726680334,0.457200000,0.457200000
0.997533544,10.751512454,0.457200000,0.457200000
1.000289831,10.776333492,0.457200000,0.457200000
1.003147780,10.801143029,0.457200000,0.457200000
1.006107343,10.825940650,0.457200000,0.457200000
1.009168469,10.850725938,0.457200000,0.457200000
1.012331108,10.875498478,0.457200000,0.457200000
1.015595207,10.900257853,0.457200000,0.457200000
1.018960710,10.925003649,0.457200000,0.457200000
1.022427561,10.949735449,0.457200000,0.457200000
1.025995702,10.974452840,0.457200000,0.457200000
1.029665073,10.999155405,0.457200000,0.457200000
1.033435613,11.023842730,0.457200000,0.457200000
1.037307258,11.048514402,0.457200000,0.457200000
1.041279943,11.073170005,0.457200000,0.457200000
1.045353602,11.097809127,0.457200000,0.457200000
1.049528166,11.122431353,0.457200000,0.457200000
1.053803565,11.147036271,0.457200000,0.457200000
1.058179727,11.171623467,0.457200000,0.457200000
1.062656579,11.196192529,0.457200000,0.457200000
1.067234047,11.220743044,0.457200000,0.457200000
1.071912052,11.245274601,0.457200000,0.457200000
1.076690516,11.269786788,0.457200000,0.457200000
1.081566305,11.294010261,0.457200000,0.457200000
1.086638305,11.318193412,0.457200000,0.457200000
1.091906184,11.342334651,0.457200000,0.457200000
1.097369594,11.366432393,0.457200000,0.457200000
1.103028176,11.390485052,0.457200000,0.457200000
1.108881560,11.414491049,0.457200000,0.457200000
1.114929360,11.438448805,0.457200000,0.457200000
1.121171178,11.462356747,0.457200000,0.457200000
1.127606605,11.486213303,0.457200000,0.457200000
1.134235218,11.510016905,0.457200000,0.457200000
1.141056580,11.533765989,0.457200000,0.457200000
1.148070244,11.557458994,0.457200000,0.457200000
1.155275749,11.581094363,0.457200000,0.457200000
1.162672621,11.604670543,0.457200000,0.457200000
1.170260374,11.628185985,0.457200000,0.457200000
1.178038510,11.651639142,0.457200000,0.457200000
1.186006517,11.675028474,0.457200000,0.457200000
1.194163871,11.698352443,0.457200000,0.457200000
1.202510037,11.721609517,0.457200000,0.457200000
1.211044466,11.744798167,0.457200000,0.457200000
1.219766597,11.767916870,0.457200000,0.457200000
1.228675857,11.790964106,0.457200000,0.457200000
1.237771660,11.813938360,0.457200000,0.457200000
1.247053409,11.836838122,0.457200000,0.457200000
1.256520493,11.859661888,0.457200000,0.457200000
1.266172292,11.882408157,0.457200000,0.457200000
1.276008169,11.905075435,0.457200000,0.457200000
1.286027479,11.927662232,0.457200000,0.457200000
1.296229563,11.950167064,0.457200000,0.457200000
1.306613751,11.972588452,0.457200000,0.457200000
1.317179361,11.994924921,0.457200000,0.457200000
1.327925697,12.017175005,0.457200000,0.457200000
1.338852055,12.039337241,0.457200000,0.457200000
1.349957715,12.061410172,0.457200000,0.457200000
1.361241948,12.083392348,0.457200000,0.457200000
1.372704012,12.105282324,0.457200000,0.457200000
1.384343154,12.127078662,0.457200000,0.457200000
1.396158609,12.148779929,0.457200000,0.457200000
1.408149601,12.170384700,0.457200000,0.457200000
1.420315342,12.191891553,0.457200000,0.457200000
1.432655031,12.213299076,0.457200000,0.457200000
1.445167859,12.234605862,0.457200000,0.457200000
1.457853002,12.255810510,0.457200000,0.457200000
1.470709628,12.276911628,0.457200000,0.457200000
1.483736890,12.297907827,0.457200000,0.457200000
1.496933934,12.318797730,0.457200000,0.457200000
1.510299891,12.339579962,0.457200000,0.457200000
1.523833884,12.360253157,0.457200000,0.457200000
1.537535023,12.380815958,0.457200000,0.457200000
1.551402407,12.401267013,0.457200000,0.457200000
1.565435125,12.421604977,0.457200000,0.457200000
1.579632255,12.441828515,0.457200000,0.457200000
1.593992864,12.461936297,0.457200000,0.457200000
1.608516008,12.481927001,0.457200000,0.457200000
1.623200733,12.501799315,0.457200000,0.457200000
1.638046073,12.521551931,0.457200000,0.457200000
1.653051053,12.541183552,0.457200000,0.457200000
1.668214688,12.560692887,0.457200000,0.457200000
1.683535979,12.580078656,0.457200000,0.457200000
1.699013921,12.599339582,0.457200000,0.457200000
1.714647496,12.618474401,0.457200000,0.457200000
1.730435677,12.637481856,0.457200000,0.457200000
1.746377426,12.656360696,0.457200000,0.457200000
1.762650987,12.675213179,0.457200000,0.457200000
1.779179767,12.693842305,0.457200000,0.457200000
1.795960700,12.712244618,0.457200000,0.457200000
1.812990676,12.730416707,0.457200000,0.457200000
1.830266536,12.748355200,0.457200000,0.457200000
1.847785076,12.766056772,0.457200000,0.457200000
1.865543047,12.783518140,0.457200000,0.457200000
1.883537155,12.800736065,0.457200000,0.457200000
1.901764065,12.817707354,0.457200000,0.457200000
1.920220395,12.834428859,0.457200000,0.457200000
1.938902724,12.850897481,0.457200000,0.457200000
1.957807585,12.867110164,0.457200000,0.457200000
1.976931474,12.883063903,0.457200000,0.457200000
1.996270843,12.898755737,0.457200000,0.457200000
2.015822106,12.914182758,0.457200000,0.457200000
2.035581638,12.929342105,0.457200000,0.457200000
2.055545774,12.944230965,0.457200000,0.457200000
2.075710812,12.958846578,0.457200000,0.457200000
2.096073011,12.973186234,0.457200000,0.457200000
2.116628596,12.987247272,0.457200000,0.457200000
2.137373755,13.001027086,0.457200000,0.457200000
2.158304640,13.014523120,0.457200000,0.457200000
2.179417370,13.027732871,0.457200000,0.457200000
2.200708030,13.040653889,0.457200000,0.457200000
2.222172670,13.053283778,0.457200000,0.457200000
2.243807311,13.065620196,0.457200000,0.457200000
2.265607939,13.077660855,0.457200000,0.457200000
2.287570513,13.089403522,0.457200000,0.457200000
2.309690959,13.100846020,0.457200000,0.457200000
2.331965176,13.111986225,0.457200000,0.457200000
2.354389031,13.122822073,0.457200000,0.457200000
2.376958367,13.133351554,0.457200000,0.457200000
2.399668997,13.143572715,0.457200000,0.457200000
2.422516712,13.153483660,0.457200000,0.457200000
2.445497272,13.163082552,0.457200000,0.457200000
2.468606417,13.172367611,0.457200000,0.457200000
2.491839860,13.181337114,0.457200000,0.457200000
2.515193294,13.189989398,0.457200000,0.457200000
2.538662387,13.198322859,0.457200000,0.457200000
2.562242787,13.206335950,0.457200000,0.457200000
2.585930120,13.214027187,0.457200000,0.457200000
2.609719994,13.221395142,0.457200000,0.457200000
2.633607998,13.228438450,0.457200000,0.457200000
2.657589700,13.235155804,0.457200000,0.457200000
2.681660654,13.241545958,0.457200000,0.457200000
2.705816395,13.247607727,0.457200000,0.457200000
2.730052444,13.253339987,0.457200000,0.457200000
2.754364306,13.258741676,0.457200000,0.457200000
2.778747473,13.263811791,0.457200000,0.457200000
2.803197422,13.268549391,0.457200000,0.457200000
2.827709620,13.272953600,0.457200000,0.457200000
2.852279520,13.277023599,0.457200000,0.457200000
2.876902566,13.280758633,0.457200000,0.457200000
2.901574192,13.284158011,0.457200000,0.457200000
2.926289822,13.287221102,0.457200000,0.457200000
2.951044872,13.289947338,0.457200000,0.457200000
2.975834752,13.292336212,0.457200000,0.457200000
3.000654865,13.294387283,0.457200000,0.457200000
3.025500607,13.296100170,0.457200000,0.457200000
3.050367371,13.297474554,0.457200000,0.457200000
3.075250545,13.298510182,0.457200000,0.457200000
3.100145515,13.299206861,0.457200000,0.457200000
3.125047664,13.299564462,0.457200000,0.457200000
3.149952373,13.299582919,0.457200000,0.457200000
3.174855024,13.299262228,0.457200000,0.457200000
3.199751000,13.298602448,0.457200000,0.457200000
3.224635681,13.297603703,0.457200000,0.457200000
3.249504455,13.296266177,0.457200000,0.457200000
3.274352709,13.294590118,0.457200000,0.457200000
3.299175834,13.292575837,0.457200000,0.457200000
3.323969228,13.290223708,0.457200000,0.457200000
3.348728292,13.287534167,0.457200000,0.457200000
3.373448435,13.284507713,0.457200000,0.457200000
3.398125072,13.281144906,0.457200000,0.457200000
3.422753627,13.277446371,0.457200000,0.457200000
3.447329533,13.273412794,0.457200000,0.457200000
3.471848231,13.269044922,0.457200000,0.457200000
3.496305176,13.264343566,0.457200000,0.457200000
3.520695830,13.259309597,0.457200000,0.457200000
3.545015672,13.253943949,0.457200000,0.457200000
3.569260191,13.248247617,0.457200000,0.457200000
3.593424890,13.242221657,0.457200000,0.457200000
3.617505289,13.235867188,0.457200000,0.457200000
3.641496921,13.229185386,0.457200000,0.457200000
3.665395338,13.222177493,0.457200000,0.457200000
3.689196107,13.214844806,0.457200000,0.457200000
3.712894814,13.207188687,0.457200000,0.457200000
3.736487064,13.199210555,0.457200000,0.457200000
3.759968483,13.190911888,0.457200000,0.457200000
3.783334715,13.182294228,0.457200000,0.457200000
3.806581428,13.173359171,0.457200000,0.457200000
3.829704309,13.164108374,0.457200000,0.457200000
3.852699072,13.154543554,0.457200000,0.457200000
3.875561451,13.144666484,0.457200000,0.457200000
3.898287206,13.134478996,0.457200000,0.457200000
3.920872124,13.123982978,0.457200000,0.457200000
3.943312015,13.113180378,0.457200000,0.457200000
3.965602718,13.102073199,0.457200000,0.457200000
3.987740100,13.090663501,0.457200000,0.457200000
4.009720055,13.078953399,0.457200000,0.457200000
4.031538506,13.066945066,0.457200000,0.457200000
4.053191408,13.054640728,0.457200000,0.457200000
4.074674744,13.042042667,0.457200000,0.457200000
4.095984531,13.029153220,0.457200000,0.457200000
4.117116817,13.015974776,0.457200000,0.457200000
4.138067683,13.002509781,0.457200000,0.457200000
4.158833243,12.988760730,0.457200000,0.457200000
4.179409647,12.974730174,0.457200000,0.457200000
4.199793078,12.960420715,0.457200000,0.457200000
4.219979756,12.945835006,0.457200000,0.457200000
4.239965938,12.930975752,0.457200000,0.457200000
4.259747917,12.915845710,0.457200000,0.457200000
4.279322025,12.900447684,0.457200000,0.457200000
4.298684631,12.884784531,0.457200000,0.457200000
4.317832145,12.868859155,0.457200000,0.457200000
4.336761016,12.852674510,0.457200000,0.457200000
4.355467733,12.836233597,0.457200000,0.457200000
4.373948827,12.819539465,0.457200000,0.457200000
4.392200871,12.802595210,0.457200000,0.457200000
4.410220480,12.785403975,0.457200000,0.457200000
4.428004312,12.767968947,0.457200000,0.457200000
4.445549070,12.750293360,0.457200000,0.457200000
4.462851499,12.732380492,0.457200000,0.457200000
4.479908390,12.714233665,0.457200000,0.457200000
4.496716581,12.695856244,0.457200000,0.457200000
4.513272954,12.677251638,0.457200000,0.457200000
4.529574440,12.658423296,0.457200000,0.457200000
4.545618014,12.639374710,0.457200000,0.457200000
4.561400701,12.620109413,0.457200000,0.457200000
4.576919575,12.600630978,0.457200000,0.457200000
4.592171758,12.580943017,0.457200000,0.457200000
4.607154421,12.561049182,0.457200000,0.457200000
4.621864785,12.540953160,0.457200000,0.457200000
4.636300123,12.520658680,0.457200000,0.457200000
4.650457757,12.500169506,0.457200000,0.457200000
4.664335061,12.479489436,0.457200000,0.457200000
4.677929463,12.458622305,0.457200000,0.457200000
4.691238441,12.437571985,0.457200000,0.457200000
4.704259527,12.416342378,0.457200000,0.457200000
4.716990306,12.394937422,0.457200000,0.457200000
4.729428418,12.373361086,0.457200000,0.457200000
4.741571555,12.351617372,0.457200000,0.457200000
4.753417465,12.329710312,0.457200000,0.457200000
4.764963953,12.307643968,0.457200000,0.457200000
4.776208875,12.285422434,0.457200000,0.457200000
4.787150148,12.263049829,0.457200000,0.457200000
4.797785742,12.240530303,0.457200000,0.457200000
4.808113684,12.217868033,0.457200000,0.457200000
4.818132059,12.195067221,0.457200000,0.457200000
4.827839010,12.172132095,0.457200000,0.457200000
4.837232736,12.149066909,0.457200000,0.457200000
4.846311495,12.125875941,0.457200000,0.457200000
4.855073603,12.102563491,0.457200000,0.457200000
4.863517436,12.079133882,0.457200000,0.457200000
4.871641427,12.055591459,0.457200000,0.457200000
4.879444070,12.031940590,0.457200000,0.457200000
4.886923918,12.008185658,0.457200000,0.457200000
4.894079584,11.984331071,0.457200000,0.457200000
4.900909741,11.960381252,0.457200000,0.457200000
4.907413121,11.936340642,0.457200000,0.457200000
4.913588520,11.912213700,0.457200000,0.457200000
4.919434791,11.888004900,0.457200000,0.457200000
4.924950851,11.863718731,0.457200000,0.457200000
4.930135677,11.839359699,0.457200000,0.457200000
4.934988306,11.814932319,0.457200000,0.457200000
4.939507840,11.790441123,0.457200000,0.457200000
4.943693439,11.765890652,0.457200000,0.457200000
4.947544329,11.741285458,0.457200000,0.457200000
4.951059793,11.716630106,0.457200000,0.457200000
4.954239182,11.691929168,0.457200000,0.457200000
4.957081905,11.667187223,0.457200000,0.457200000
4.959587434,11.642408861,0.457200000,0.457200000
4.961755305,11.617598678,0.457200000,0.457200000
4.963585117,11.592761273,0.457200000,0.457200000
4.965076530,11.567901253,0.457200000,0.457200000
4.966229266,11.543023229,0.457200000,0.457200000
4.967043113,11.518131814,0.457200000,0.457200000
4.967517920,11.493231625,0.457200000,0.457200000
4.967653598,11.468327278,0.457200000,0.457200000
4.967450122,11.443423393,0.457200000,0.457200000
4.966907531,11.418524589,0.457200000,0.457200000
4.966025924,11.393635481,0.457200000,0.457200000
4.964805465,11.368760688,0.457200000,0.457200000
4.963246381,11.343904820,0.457200000,0.457200000
4.961348960,11.319072489,0.457200000,0.457200000
4.959113555,11.294268299,0.457200000,0.457200000
4.956540579,11.269496850,0.457200000,0.457200000
4.953630511,11.244762736,0.457200000,0.457200000
4.950383890,11.220070544,0.457200000,0.457200000
4.946801318,11.195424854,0.457200000,0.457200000
4.942883460,11.170830235,0.457200000,0.457200000
4.938631041,11.146291249,0.457200000,0.457200000
4.934044851,11.121812448,0.457200000,0.457200000
4.929125739,11.097398369,0.457200000,0.457200000
4.923874620,11.073053542,0.457200000,0.457200000
4.918292465,11.048782480,0.457200000,0.457200000
4.912380311,11.024589685,0.457200000,0.457200000
4.906139253,11.000479644,0.457200000,0.457200000
4.899570450,10.976456828,0.457200000,0.457200000
4.892675120,10.952525691,0.457200000,0.457200000
4.885454540,10.928690672,0.457200000,0.457200000
4.877910051,10.904956192,0.457200000,0.457200000
4.870043051,10.881326651,0.457200000,0.457200000
4.861854999,10.857806432,0.457200000,0.457200000
4.853347414,10.834399897,0.457200000,0.457200000
4.844521874,10.811111387,0.457200000,0.457200000
4.835380015,10.787945219,0.457200000,0.457200000
4.825923533,10.764905692,0.457200000,0.457200000
4.816154181,10.741997077,0.457200000,0.457200000
4.806073771,10.719223623,0.457200000,0.457200000
4.795684172,10.696589552,0.457200000,0.457200000
4.784987312,10.674099064,0.457200000,0.457200000
4.773985174,10.651756328,0.457200000,0.457200000
4.762679799,10.629565488,0.457200000,0.457200000
4.751073282,10.607530660,0.457200000,0.457200000
4.739167777,10.585655930,0.457200000,0.457200000
4.726965492,10.563945354,0.457200000,0.457200000
4.714468688,10.542402958,0.457200000,0.457200000
4.701679685,10.521032739,0.457200000,0.457200000
4.688600853,10.499838659,0.457200000,0.457200000
4.675234618,10.478824648,0.457200000,0.457200000
4.661583459,10.457994604,0.457200000,0.457200000
4.647649907,10.437352389,0.457200000,0.457200000
4.633436547,10.416901832,0.457200000,0.457200000
4.618946015,10.396646725,0.457200000,0.457200000
4.604180997,10.376590825,0.457200000,0.457200000
4.589144232,10.356737851,0.457200000,0.457200000
4.573838509,10.337091485,0.457200000,0.457200000
4.558266665,10.317655369,0.457200000,0.457200000
4.542431589,10.298433110,0.457200000,0.457200000
4.526336218,10.279428271,0.457200000,0.457200000
4.509983536,10.260644377,0.457200000,0.457200000
4.493376576,10.242084911,0.457200000,0.457200000
4.476518418,10.223753316,0.457200000,0.457200000
4.459412188,10.205652991,0.457200000,0.457200000
4.442061058,10.187787292,0.457200000,0.457200000
4.424468247,10.170159534,0.457200000,0.457200000
4.406637016,10.152772984,0.457200000,0.457200000
4.388570673,10.135630868,0.457200000,0.457200000
4.370272569,10.118736364,0.457200000,0.457200000
4.351746096,10.102092606,0.457200000,0.457200000
4.332994691,10.085702680,0.457200000,0.457200000
4.314021830,10.069569625,0.457200000,0.457200000
4.294831033,10.053696435,0.457200000,0.457200000
4.275425858,10.038086051,0.457200000,0.457200000
4.255809904,10.022741370,0.457200000,0.457200000
4.235986809,10.007665237,0.457200000,0.457200000
4.215960249,9.992860448,0.457200000,0.457200000
4.195733939,9.978329748,0.457200000,0.457200000
4.175311628,9.964075832,0.457200000,0.457200000
4.154697105,9.950101344,0.457200000,0.457200000
4.133894192,9.936408875,0.457200000,0.457200000
4.112906748,9.923000965,0.457200000,0.457200000
4.091738664,9.909880099,0.457200000,0.457200000
4.070393866,9.897048712,0.457200000,0.457200000
4.048876313,9.884509183,0.457200000,0.457200000
4.027189995,9.872263837,0.457200000,0.457200000
4.005338934,9.860314945,0.457200000,0.457200000
3.983327182,9.848664724,0.457200000,0.457200000
3.961408358,9.837064497,0.457200000,0.457200000
3.939648850,9.825168116,0.457200000,0.457200000
3.918052657,9.812977768,0.457200000,0.457200000
3.896623752,9.800495696,0.457200000,0.457200000
3.875366075,9.787724194,0.457200000,0.457200000
3.854283534,9.774665611,0.457200000,0.457200000
3.833380007,9.761322349,0.457200000,0.457200000
3.812659337,9.747696860,0.457200000,0.457200000
3.792125335,9.733791651,0.457200000,0.457200000
3.771781776,9.719609278,0.457200000,0.457200000
3.751632401,9.705152350,0.457200000,0.457200000
3.731680915,9.690423523,0.457200000,0.457200000
3.711930988,9.675425508,0.457200000,0.457200000
3.692386250,9.660161062,0.457200000,0.457200000
3.673050296,9.644632992,0.457200000,0.457200000
3.653926681,9.628844152,0.457200000,0.457200000
3.635018922,9.612797447,0.457200000,0.457200000
3.616330495,9.596495827,0.457200000,0.457200000
3.597864837,9.579942290,0.457200000,0.457200000
3.579625344,9.563139880,0.457200000,0.457200000
3.561615370,9.546091686,0.457200000,0.457200000
3.543838226,9.528800843,0.457200000,0.457200000
3.526297181,9.511270531,0.457200000,0.457200000
3.508995461,9.493503973,0.457200000,0.457200000
3.491936247,9.475504436,0.457200000,0.457200000
3.475122676,9.457275231,0.457200000,0.457200000
3.458557840,9.438819708,0.457200000,0.457200000
3.442244785,9.420141262,0.457200000,0.457200000
3.426186511,9.401243328,0.457200000,0.457200000
3.410385970,9.382129380,0.457200000,0.457200000
3.394846068,9.362802934,0.457200000,0.457200000
3.379569662,9.343267542,0.457200000,0.457200000
3.364559562,9.323526798,0.457200000,0.457200000
3.349818527,9.303584331,0.457200000,0.457200000
3.335349269,9.283443808,0.457200000,0.457200000
3.321154447,9.263108933,0.457200000,0.457200000
3.307236673,9.242583445,0.457200000,0.457200000
3.293598505,9.221871119,0.457200000,0.457200000
3.280242451,9.200975762,0.457200000,0.457200000
3.267170967,9.179901218,0.457200000,0.457200000
3.254386457,9.158651362,0.457200000,0.457200000
3.241891271,9.137230100,0.457200000,0.457200000
3.229687708,9.115641373,0.457200000,0.457200000
3.217778011,9.093889150,0.457200000,0.457200000
3.206164371,9.071977430,0.457200000,0.457200000
3.194848922,9.049910244,0.457200000,0.457200000
3.183833746,9.027691648,0.457200000,0.457200000
3.173120868,9.005325729,0.457200000,0.457200000
3.162712258,8.982816599,0.457200000,0.457200000
3.152609830,8.960168397,0.457200000,0.457200000
3.142815441,8.937385288,0.457200000,0.457200000
3.133330894,8.914471461,0.457200000,0.457200000
3.124157931,8.891431130,0.457200000,0.457200000
3.115298239,8.868268532,0.457200000,0.457200000
3.106753449,8.844987925,0.457200000,0.457200000
3.098525130,8.821593591,0.457200000,0.457200000
3.090614796,8.798089831,0.457200000,0.457200000
3.083023901,8.774480968,0.457200000,0.457200000
3.075753842,8.750771343,0.457200000,0.457200000
3.068805955,8.726965315,0.457200000,0.457200000
3.062181518,8.703067262,0.457200000,0.457200000
3.055881749,8.679081579,0.457200000,0.457200000
3.049907806,8.655012675,0.457200000,0.457200000
3.044260789,8.630864978,0.457200000,0.457200000
3.038941734,8.606642927,0.457200000,0.457200000
3.033951621,8.582350976,0.457200000,0.457200000
3.029291366,8.557993593,0.457200000,0.457200000
3.024961828,8.533575256,0.457200000,0.457200000
3.020963801,8.509100455,0.457200000,0.457200000
3.017298022,8.484573690,0.457200000,0.457200000
3.013965164,8.459999473,0.457200000,0.457200000
3.010965840,8.435382322,0.457200000,0.457200000
3.008300602,8.410726762,0.457200000,0.457200000
3.005969940,8.386037329,0.457200000,0.457200000
3.003974282,8.361318562,0.457200000,0.457200000
3.002313995,8.336575006,0.457200000,0.457200000
3.000989384,8.311811212,0.457200000,0.457200000
3.000000694,8.287031733,0.457200000,0.457200000
2.999348106,8.262241125,0.457200000,0.457200000
2.999031740,8.237443948,0.457200000,0.457200000
2.999051654,8.212644760,0.457200000,0.457200000
2.999407844,8.187848123,0.457200000,0.457200000
3.000100246,8.163058595,0.457200000,0.457200000
3.001128731,8.138280736,0.457200000,0.457200000
3.002493110,8.113519101,0.457200000,0.457200000
3.004193134,8.088778244,0.457200000,0.457200000
3.006228488,8.064062713,0.457200000,0.457200000
3.008598799,8.039377055,0.457200000,0.457200000
3.011303631,8.014725808,0.457200000,0.457200000
3.014342486,7.990113505,0.457200000,0.457200000
3.017714807,7.965544672,0.457200000,0.457200000
3.021419971,7.941023827,0.457200000,0.457200000
3.025457300,7.916555478,0.457200000,0.457200000
3.029826049,7.892144126,0.457200000,0.457200000
3.034525415,7.867794258,0.457200000,0.457200000
3.039554535,7.843510353,0.457200000,0.457200000
3.044912484,7.819296876,0.457200000,0.457200000
3.050598276,7.795158279,0.457200000,0.457200000
3.056610866,7.771099001,0.457200000,0.457200000
3.062949149,7.747123466,0.457200000,0.457200000
3.069611958,7.723236083,0.457200000,0.457200000
3.076598069,7.699441244,0.457200000,0.457200000
3.083906196,7.675743325,0.457200000,0.457200000
3.091534997,7.652146683,0.457200000,0.457200000
3.099483068,7.628655658,0.457200000,0.457200000
3.107748948,7.605274569,0.457200000,0.457200000
3.116331117,7.582007715,0.457200000,0.457200000
3.125227996,7.558859376,0.457200000,0.457200000
3.134437951,7.535833806,0.457200000,0.457200000
3.143959286,7.512935242,0.457200000,0.457200000
3.153790252,7.490167892,0.457200000,0.457200000
3.163929040,7.467535944,0.457200000,0.457200000
3.174373787,7.445043559,0.457200000,0.457200000
3.185122571,7.422694874,0.457200000,0.457200000
3.196173416,7.400493997,0.457200000,0.457200000
3.207524291,7.378445012,0.457200000,0.457200000
3.219173107,7.356551973,0.457200000,0.457200000
3.231117723,7.334818905,0.457200000,0.457200000
3.243355942,7.313249804,0.457200000,0.457200000
3.255885514,7.291848638,0.457200000,0.457200000
3.268552244,7.270623306,0.457200000,0.457200000
3.281286943,7.249438684,0.457200000,0.457200000
3.294089479,7.228294989,0.457200000,0.457200000
3.306959722,7.207192439,0.457200000,0.457200000
3.319897540,7.186131251,0.457200000,0.457200000
3.332902798,7.165111640,0.457200000,0.457200000
3.345975364,7.144133824,0.457200000,0.457200000
3.359115104,7.123198017,0.457200000,0.457200000
3.372321882,7.102304435,0.457200000,0.457200000
3.385595562,7.081453291,0.457200000,0.457200000
3.398936009,7.060644802,0.457200000,0.457200000
3.412343085,7.039879179,0.457200000,0.457200000
3.425816652,7.019156637,0.457200000,0.457200000
3.439356573,6.998477389,0.457200000,0.457200000
3.452962707,6.977841646,0.457200000,0.457200000
3.466634916,6.957249621,0.457200000,0.457200000
3.480373058,6.936701526,0.457200000,0.457200000
3.494176993,6.916197572,0.457200000,0.457200000
3.508046579,6.895737968,0.457200000,0.457200000
3.521981672,6.875322926,0.457200000,0.457200000
3.535982131,6.854952656,0.457200000,0.457200000
3.550047811,6.834627366,0.457200000,0.457200000
3.564178568,6.814347265,0.457200000,0.457200000
3.578374256,6.794112562,0.457200000,0.457200000
3.592634730,6.773923465,0.457200000,0.457200000
3.606959843,6.753780180,0.457200000,0.457200000
3.621349448,6.733682916,0.457200000,0.457200000
3.635803397,6.713631878,0.457200000,0.457200000
3.650321541,6.693627272,0.457200000,0.457200000
3.664903732,6.673669305,0.457200000,0.457200000
3.679549820,6.653758180,0.457200000,0.457200000
3.694259654,6.633894103,0.457200000,0.457200000
3.709033083,6.614077278,0.457200000,0.457200000
3.723869956,6.594307908,0.457200000,0.457200000
3.738770119,6.574586197,0.457200000,0.457200000
3.753733420,6.554912346,0.457200000,0.457200000
3.768759704,6.535286559,0.457200000,0.457200000
3.783848819,6.515709036,0.457200000,0.457200000
3.799000608,6.496179979,0.457200000,0.457200000
3.814214916,6.476699589,0.457200000,0.457200000
3.829491587,6.457268066,0.457200000,0.457200000
3.844830463,6.437885609,0.457200000,0.457200000
3.860231387,6.418552417,0.457200000,0.457200000
3.875694202,6.399268690,0.457200000,0.457200000
3.891218747,6.380034624,0.457200000,0.457200000
3.906804863,6.360850419,0.457200000,0.457200000
3.922452391,6.341716271,0.457200000,0.457200000
3.938161170,6.322632376,0.457200000,0.457200000
3.953931038,6.303598931,0.457200000,0.457200000
3.969761833,6.284616130,0.457200000,0.457200000
3.985653392,6.265684171,0.457200000,0.457200000
4.001605553,6.246803245,0.457200000,0.457200000
4.017618151,6.227973549,0.457200000,0.457200000
4.033691022,6.209195274,0.457200000,0.457200000
4.049824000,6.190468615,0.457200000,0.457200000
4.066016921,6.171793763,0.457200000,0.457200000
4.082269617,6.153170911,0.457200000,0.457200000
4.098581922,6.134600249,0.457200000,0.457200000
4.114953667,6.116081968,0.457200000,0.457200000
4.131384686,6.097616260,0.457200000,0.457200000
4.147874809,6.079203312,0.457200000,0.457200000
4.164423866,6.060843316,0.457200000,0.457200000
4.181031687,6.042536458,0.457200000,0.457200000
4.197698103,6.024282928,0.457200000,0.457200000
4.214422941,6.006082913,0.457200000,0.457200000
4.231206030,5.987936600,0.457200000,0.457200000
4.248047198,5.969844175,0.457200000,0.457200000
4.264946271,5.951805824,0.457200000,0.457200000
4.281903075,5.933821732,0.457200000,0.457200000
4.298917438,5.915892085,0.457200000,0.457200000
4.315989183,5.898017067,0.457200000,0.457200000
4.333118135,5.880196860,0.457200000,0.457200000
4.350304119,5.862431649,0.457200000,0.457200000
4.367546957,5.844721615,0.457200000,0.457200000
4.384846474,5.827066942,0.457200000,0.457200000
4.402202490,5.809467809,0.457200000,0.457200000
4.419614827,5.791924398,0.457200000,0.457200000
4.437083308,5.774436889,0.457200000,0.457200000
4.454607751,5.757005462,0.457200000,0.457200000
4.472187978,5.739630296,0.457200000,0.457200000
4.489823807,5.722311570,0.457200000,0.457200000
4.507515058,5.705049461,0.457200000,0.457200000
4.525261548,5.687844146,0.457200000,0.457200000
4.543063096,5.670695803,0.457200000,0.457200000
4.561066589,5.653448514,0.457200000,0.457200000
4.579109998,5.636242990,0.457200000,0.457200000
4.597193228,5.619079321,0.457200000,0.457200000
4.615316181,5.601957602,0.457200000,0.457200000
4.633478760,5.584877922,0.457200000,0.457200000
4.651680867,5.567840375,0.457200000,0.457200000
4.669922405,5.550845052,0.457200000,0.457200000
4.688203276,5.533892044,0.457200000,0.457200000
4.706523380,5.516981441,0.457200000,0.457200000
4.724882621,5.500113335,0.457200000,0.457200000
4.743280899,5.483287817,0.457200000,0.457200000
4.761718117,5.466504977,0.457200000,0.457200000
4.780194173,5.449764904,0.457200000,0.457200000
4.798708971,5.433067688,0.457200000,0.457200000
4.817262409,5.416413421,0.457200000,0.457200000
4.835854389,5.399802190,0.457200000,0.457200000
4.854484810,5.383234084,0.457200000,0.457200000
4.873153573,5.366709194,0.457200000,0.457200000
4.891860578,5.350227608,0.457200000,0.457200000
4.910605723,5.333789413,0.457200000,0.457200000
4.929388909,5.317394699,0.457200000,0.457200000
4.948210034,5.301043553,0.457200000,0.457200000
4.967068998,5.284736064,0.457200000,0.457200000
4.985965698,5.268472318,0.457200000,0.457200000
5.004900034,5.252252404,0.457200000,0.457200000
5.023871905,5.236076408,0.457200000,0.457200000
5.042881207,5.219944416,0.457200000,0.457200000
5.061927839,5.203856517,0.457200000,0.457200000
5.081011699,5.187812795,0.457200000,0.457200000
5.100132684,5.171813338,0.457200000,0.457200000
5.119290692,5.155858231,0.457200000,0.457200000
5.138485620,5.139947560,0.457200000,0.457200000
5.157717365,5.124081410,0.457200000,0.457200000
5.176985822,5.108259866,0.457200000,0.457200000
5.196290890,5.092483013,0.457200000,0.457200000
5.215632464,5.076750937,0.457200000,0.457200000
5.235010441,5.061063721,0.457200000,0.457200000
5.254424716,5.045421450,0.457200000,0.457200000
5.273875185,5.029824208,0.457200000,0.457200000
5.293361744,5.014272079,0.457200000,0.457200000
5.312884288,4.998765145,0.457200000,0.457200000
5.332442712,4.983303491,0.457200000,0.457200000
5.352036912,4.967887199,0.457200000,0.457200000
5.371666781,4.952516352,0.457200000,0.457200000
5.391332215,4.937191032,0.457200000,0.457200000
5.411033108,4.921911323,0.457200000,0.457200000
5.430769355,4.906677305,0.457200000,0.457200000
5.450540849,4.891489062,0.457200000,0.457200000
5.470347484,4.876346673,0.457200000,0.457200000
5.490189153,4.861250222,0.457200000,0.457200000
5.510065751,4.846199787,0.457200000,0.457200000
5.529977171,4.831195452,0.457200000,0.457200000
5.549923305,4.816237295,0.457200000,0.457200000
5.569904046,4.801325398,0.457200000,0.457200000
5.589919288,4.786459840,0.457200000,0.457200000
5.609968923,4.771640701,0.457200000,0.457200000
5.630052842,4.756868062,0.457200000,0.457200000
5.650170939,4.742142000,0.457200000,0.457200000
5.670323105,4.727462595,0.457200000,0.457200000
5.690509232,4.712829927,0.457200000,0.457200000
5.710729212,4.698244073,0.457200000,0.457200000
5.730982936,4.683705112,0.457200000,0.457200000
5.751270295,4.669213122,0.457200000,0.457200000
5.771591181,4.654768181,0.457200000,0.457200000
5.791945483,4.640370367,0.457200000,0.457200000
5.812333094,4.626019755,0.457200000,0.457200000
5.832753904,4.611716425,0.457200000,0.457200000
5.853207802,4.597460452,0.457200000,0.457200000
5.873694679,4.583251913,0.457200000,0.457200000
5.894214425,4.569090885,0.457200000,0.457200000
5.914766930,4.554977443,0.457200000,0.457200000
5.935352084,4.540911663,0.457200000,0.457200000
5.955969776,4.526893621,0.457200000,0.457200000
5.976619895,4.512923392,0.457200000,0.457200000
5.997302330,4.499001050,0.457200000,0.457200000
6.018016970,4.485126672,0.457200000,0.457200000
6.038763705,4.471300331,0.457200000,0.457200000
6.059542422,4.457522101,0.457200000,0.457200000
6.080353011,4.443792057,0.457200000,0.457200000
6.101195359,4.430110271,0.457200000,0.457200000
6.122069354,4.416476819,0.457200000,0.457200000
6.142974885,4.402891772,0.457200000,0.457200000
6.163911839,4.389355204,0.457200000,0.457200000
6.184880104,4.375867188,0.457200000,0.457200000
6.205879567,4.362427796,0.457200000,0.457200000
6.226910115,4.349037099,0.457200000,0.457200000
6.247971636,4.335695171,0.457200000,0.457200000
6.269064016,4.322402082,0.457200000,0.457200000
6.290187143,4.309157904,0.457200000,0.457200000
6.311340902,4.295962708,0.457200000,0.457200000
6.332525180,4.282816565,0.457200000,0.457200000
6.353739863,4.269719546,0.457200000,0.457200000
6.374984838,4.256671720,0.457200000,0.457200000
6.396259991,4.243673158,0.457200000,0.457200000
6.417565206,4.230723930,0.457200000,0.457200000
6.438900370,4.217824106,0.457200000,0.457200000
6.460265369,4.204973754,0.457200000,0.457200000
6.481660087,4.192172943,0.457200000,0.457200000
6.503084409,4.179421742,0.457200000,0.457200000
6.524538222,4.166720221,0.457200000,0.457200000
6.546021408,4.154068446,0.457200000,0.457200000
6.567533854,4.141466486,0.457200000,0.457200000
6.589075443,4.128914408,0.457200000,0.457200000
6.610646060,4.116412280,0.457200000,0.457200000
6.632245589,4.103960170,0.457200000,0.457200000
6.653873914,4.091558143,0.457200000,0.457200000
6.675530919,4.079206267,0.457200000,0.457200000
6.697216488,4.066904607,0.457200000,0.457200000
6.718930503,4.054653230,0.457200000,0.457200000
6.740672850,4.042452202,0.457200000,0.457200000
6.762443410,4.030301588,0.457200000,0.457200000
6.784242067,4.018201454,0.457200000,0.457200000
6.806068705,4.006151864,0.457200000,0.457200000
6.827923204,3.994152883,0.457200000,0.457200000
6.849805450,3.982204575,0.457200000,0.457200000
6.871715323,3.970307005,0.457200000,0.457200000
6.893652706,3.958460236,0.457200000,0.457200000
6.915617482,3.946664333,0.457200000,0.457200000
6.937609532,3.934919358,0.457200000,0.457200000
6.959628739,3.923225375,0.457200000,0.457200000
6.981674984,3.911582446,0.457200000,0.457200000
7.003748149,3.899990634,0.457200000,0.457200000
7.025848115,3.888450000,0.457200000,0.457200000
7.047974764,3.876960608,0.457200000,0.457200000
7.070127976,3.865522519,0.457200000,0.457200000
7.092307634,3.854135794,0.457200000,0.457200000
7.114513617,3.842800494,0.457200000,0.457200000
7.136745807,3.831516680,0.457200000,0.457200000
7.159004084,3.820284413,0.457200000,0.457200000
7.181288328,3.809103753,0.457200000,0.457200000
7.203598421,3.797974761,0.457200000,0.457200000
7.225934242,3.786897495,0.457200000,0.457200000
7.248295671,3.775872015,0.457200000,0.457200000
7.270682588,3.764898381,0.457200000,0.457200000
7.293094873,3.753976651,0.457200000,0.457200000
7.315560071,3.743086421,0.457200000,0.457200000
7.338044923,3.732236829,0.457200000,0.457200000
7.360549356,3.721427910,0.457200000,0.457200000
7.383073296,3.710659700,0.457200000,0.457200000
7.405616669,3.699932234,0.457200000,0.457200000
7.428179402,3.689245546,0.457200000,0.457200000
7.450761421,3.678599672,0.457200000,0.457200000
7.473362652,3.667994646,0.457200000,0.457200000
7.495983022,3.657430504,0.457200000,0.457200000
7.518622456,3.646907280,0.457200000,0.457200000
7.541280880,3.636425008,0.457200000,0.457200000
7.563958220,3.625983722,0.457200000,0.457200000
7.586654403,3.615583457,0.457200000,0.457200000
7.609369353,3.605224246,0.457200000,0.457200000
7.632102997,3.594906124,0.457200000,0.457200000
7.654855261,3.584629124,0.457200000,0.457200000
7.677626069,3.574393280,0.457200000,0.457200000
7.700415348,3.564198625,0.457200000,0.457200000
7.723223023,3.554045193,0.457200000,0.457200000
7.746049019,3.543933017,0.457200000,0.457200000
7.768893262,3.533862129,0.457200000,0.457200000
7.791755677,3.523832563,0.457200000,0.457200000
7.814636190,3.513844352,0.457200000,0.457200000
7.837534725,3.503897528,0.457200000,0.457200000
7.860451208,3.493992123,0.457200000,0.457200000
7.883385563,3.484128171,0.457200000,0.457200000
7.906337716,3.474305703,0.457200000,0.457200000
7.929307592,3.464524752,0.457200000,0.457200000
7.952295116,3.454785349,0.457200000,0.457200000
7.975300212,3.445087526,0.457200000,0.457200000
7.998322806,3.435431315,0.457200000,0.457200000
8.021362821,3.425816748,0.457200000,0.457200000
8.044420184,3.416243856,0.457200000,0.457200000
8.067494817,3.406712670,0.457200000,0.457200000
8.090586647,3.397223222,0.457200000,0.457200000
8.113695596,3.387775542,0.457200000,0.457200000
8.136821591,3.378369661,0.457200000,0.457200000
8.159964555,3.369005611,0.457200000,0.457200000
8.183124412,3.359683421,0.457200000,0.457200000
8.206301088,3.350403123,0.457200000,0.457200000
8.229494505,3.341164746,0.457200000,0.457200000
8.252704589,3.331968321,0.457200000,0.457200000
8.275931263,3.322813877,0.457200000,0.457200000
8.299174451,3.313701446,0.457200000,0.457200000
8.322434078,3.304631056,0.457200000,0.457200000
8.345710067,3.295602737,0.457200000,0.457200000
8.369002343,3.286616519,0.457200000,0.457200000
8.392310829,3.277672431,0.457200000,0.457200000
8.415635448,3.268770502,0.457200000,0.457200000
8.438976126,3.259910762,0.457200000,0.457200000
8.462332784,3.251093239,0.457200000,0.457200000
8.485705348,3.242317962,0.457200000,0.457200000
8.509093740,3.233584960,0.457200000,0.457200000
8.532497885,3.224894262,0.457200000,0.457200000
8.555917705,3.216245896,0.457200000,0.457200000
8.579353124,3.207639889,0.457200000,0.457200000
8.602804066,3.199076271,0.457200000,0.457200000
8.626270453,3.190555070,0.457200000,0.457200000
8.649752210,3.182076312,0.457200000,0.457200000
8.673249259,3.173640027,0.457200000,0.457200000
8.696761523,3.165246241,0.457200000,0.457200000
8.720288926,3.156894981,0.457200000,0.457200000
8.743831390,3.148586276,0.457200000,0.457200000
8.767388840,3.140320152,0.457200000,0.457200000
8.790961197,3.132096637,0.457200000,0.457200000
8.814548384,3.123915757,0.457200000,0.457200000
8.838150325,3.115777539,0.457200000,0.457200000
8.861766943,3.107682009,0.457200000,0.457200000
8.885398159,3.099629195,0.457200000,0.457200000
8.909043898,3.091619122,0.457200000,0.457200000
8.932704081,3.083651817,0.457200000,0.457200000
8.956378631,3.075727305,0.457200000,0.457200000
8.980067471,3.067845613,0.457200000,0.457200000
9.003770524,3.060006766,0.457200000,0.457200000
9.027487711,3.052210790,0.457200000,0.457200000
9.051218956,3.044457711,0.457200000,0.457200000
9.074964180,3.036747553,0.457200000,0.457200000
9.098723307,3.029080342,0.457200000,0.457200000
9.122496258,3.021456104,0.457200000,0.457200000
9.146282956,3.013874862,0.457200000,0.457200000
9.170083323,3.006336642,0.457200000,0.457200000
9.193897281,2.998841469,0.457200000,0.457200000
9.217724752,2.991389366,0.457200000,0.457200000
9.241565659,2.983980359,0.457200000,0.457200000
9.265419923,2.976614471,0.457200000,0.457200000
9.289287466,2.969291727,0.457200000,0.457200000
9.313168211,2.962012151,0.457200000,0.457200000
9.337062080,2.954775765,0.457200000,0.457200000
9.360968993,2.947582595,0.457200000,0.457200000
9.384888874,2.940432663,0.457200000,0.457200000
9.408821643,2.933325993,0.457200000,0.457200000
9.432767224,2.926262609,0.457200000,0.457200000
9.456725536,2.919242532,0.457200000,0.457200000
9.480696503,2.912265787,0.457200000,0.457200000
9.504680045,2.905332395,0.457200000,0.457200000
9.528676085,2.898442380,0.457200000,0.457200000
9.552684543,2.891595765,0.457200000,0.457200000
9.576705342,2.884792571,0.457200000,0.457200000
9.600738402,2.878032820,0.457200000,0.457200000
9.624783646,2.871316536,0.457200000,0.457200000
9.648840994,2.864643739,0.457200000,0.457200000
9.672910368,2.858014452,0.457200000,0.457200000
9.696991690,2.851428697,0.457200000,0.457200000
9.721084879,2.844886494,0.457200000,0.457200000
9.745189859,2.838387865,0.457200000,0.457200000
9.769306550,2.831932832,0.457200000,0.457200000
9.793434872,2.825521416,0.457200000,0.457200000
9.817574748,2.819153637,0.457200000,0.457200000
9.841726099,2.812829517,0.457200000,0.457200000
9.865888844,2.806549075,0.457200000,0.457200000
9.890062906,2.800312333,0.457200000,0.457200000
9.914248205,2.794119312,0.457200000,0.457200000
9.938444663,2.787970030,0.457200000,0.457200000
9.962652199,2.781864509,0.457200000,0.457200000
9.986870736,2.775802768,0.457200000,0.457200000
10.011100193,2.769784827,0.457200000,0.457200000
10.035340492,2.763810706,0.457200000,0.457200000
10.059591554,2.757880424,0.457200000,0.457200000
10.083853298,2.751994001,0.457200000,0.457200000
10.108125646,2.746151456,0.457200000,0.457200000
10.132408519,2.740352808,0.457200000,0.457200000
10.156701836,2.734598076,0.457200000,0.457200000
10.181005519,2.728887278,0.457200000,0.457200000
10.205319488,2.723220435,0.457200000,0.457200000
10.229643664,2.717597563,0.457200000,0.457200000
10.253977967,2.712018681,0.457200000,0.457200000
10.278322318,2.706483809,0.457200000,0.457200000
10.302676636,2.700992963,0.457200000,0.457200000
10.327040843,2.695546161,0.457200000,0.457200000
10.351414858,2.690143423,0.457200000,0.457200000
10.375798603,2.684784764,0.457200000,0.457200000
10.400191997,2.679470203,0.457200000,0.457200000
10.424594960,2.674199757,0.457200000,0.457200000
10.449007413,2.668973444,0.457200000,0.457200000
10.473390273,2.663795360,0.457200000,0.457200000
10.497780764,2.658653341,0.457200000,0.457200000
10.522178833,2.653547397,0.457200000,0.457200000
10.546584426,2.648477540,0.457200000,0.457200000
10.570997490,2.643443780,0.457200000,0.457200000
10.595417971,2.638446129,0.457200000,0.457200000
10.619845817,2.633484598,0.457200000,0.457200000
10.644280973,2.628559197,0.457200000,0.457200000
10.668723386,2.623669938,0.457200000,0.457200000
10.693173003,2.618816830,0.457200000,0.457200000
10.717629770,2.613999885,0.457200000,0.457200000
10.742093634,2.609219113,0.457200000,0.457200000
10.766564541,2.604474524,0.457200000,0.457200000
10.791042438,2.599766130,0.457200000,0.457200000
10.815527272,2.595093939,0.457200000,0.457200000
10.840018988,2.590457964,0.457200000,0.457200000
10.864517533,2.585858212,0.457200000,0.457200000
10.889022853,2.581294695,0.457200000,0.457200000
10.913534896,2.576767423,0.457200000,0.457200000
10.938053607,2.572276406,0.457200000,0.457200000
10.962578932,2.567821652,0.457200000,0.457200000
10.987110819,2.563403173,0.457200000,0.457200000
11.011649213,2.559020978,0.457200000,0.457200000
11.036194061,2.554675076,0.457200000,0.457200000
11.060745309,2.550365476,0.457200000,0.457200000
11.085302903,2.546092189,0.457200000,0.457200000
11.109866790,2.541855224,0.457200000,0.457200000
11.134436916,2.537654589,0.457200000,0.457200000
11.159013227,2.533490294,0.457200000,0.457200000
11.183595670,2.529362349,0.457200000,0.457200000
11.208184190,2.525270762,0.457200000,0.457200000
11.232778735,2.521215541,0.457200000,0.457200000
11.257379249,2.517196697,0.457200000,0.457200000
11.281985680,2.513214238,0.457200000,0.457200000
11.306597973,2.509268172,0.457200000,0.457200000
11.331216075,2.505358508,0.457200000,0.457200000
11.355839932,2.501485255,0.457200000,0.457200000
11.380469490,2.497648421,0.457200000,0.457200000
11.405104696,2.493848015,0.457200000,0.457200000
11.429745494,2.490084045,0.457200000,0.457200000
11.454391832,2.486356518,0.457200000,0.457200000
11.479043655,2.482665444,0.457200000,0.457200000
11.503700910,2.479010830,0.457200000,0.457200000
11.528363543,2.475392684,0.457200000,0.457200000
11.553031499,2.471811015,0.457200000,0.457200000
11.577704725,2.468265830,0.457200000,0.457200000
11.602383167,2.464757136,0.457200000,0.457200000
11.627066771,2.461284942,0.457200000,0.457200000
11.651755482,2.457849255,0.457200000,0.457200000
11.676449247,2.454450083,0.457200000,0.457200000
11.701148013,2.451087432,0.457200000,0.457200000
11.725851724,2.447761311,0.457200000,0.457200000
11.750560327,2.444471727,0.457200000,0.457200000
11.775273767,2.441218686,0.457200000,0.457200000
11.799991992,2.438002197,0.457200000,0.457200000
11.824714946,2.434822265,0.457200000,0.457200000
11.849442575,2.431678898,0.457200000,0.457200000
11.874174826,2.428572104,0.457200000,0.457200000
11.898911645,2.425501887,0.457200000,0.457200000
11.923652977,2.422468256,0.457200000,0.457200000
11.948398768,2.419471217,0.457200000,0.457200000
11.973148964,2.416510777,0.457200000,0.457200000
11.997903512,2.413586941,0.457200000,0.457200000
12.022662356,2.410699717,0.457200000,0.457200000
12.047425442,2.407849111,0.457200000,0.457200000
12.072192718,2.405035128,0.457200000,0.457200000
12.096964127,2.402257776,0.457200000,0.457200000
12.121739617,2.399517060,0.457200000,0.457200000
12.146519133,2.396812986,0.457200000,0.457200000
12.171302621,2.394145560,0.457200000,0.457200000
12.196090026,2.391514788,0.457200000,0.457200000
12.220881295,2.388920675,0.457200000,0.457200000
12.245676372,2.386363228,0.457200000,0.457200000
12.270475205,2.383842452,0.457200000,0.457200000
12.295277739,2.381358352,0.457200000,0.457200000
12.320083919,2.378910934,0.457200000,0.457200000
12.344893691,2.376500203,0.457200000,0.457200000
12.369707001,2.374126165,0.457200000,0.457200000
12.394523795,2.371788825,0.457200000,0.457200000
12.419344019,2.369488187,0.457200000,0.457200000
12.444167617,2.367224257,0.457200000,0.457200000
12.468994537,2.364997040,0.457200000,0.457200000
12.493824722,2.362806540,0.457200000,0.457200000
12.518658121,2.360652763,0.457200000,0.457200000
12.543494677,2.358535713,0.457200000,0.457200000
12.568334337,2.356455395,0.457200000,0.457200000
12.593177046,2.354411813,0.457200000,0.457200000
12.618022750,2.352404972,0.457200000,0.457200000
12.642871394,2.350434877,0.457200000,0.457200000
12.667722926,2.348501530,0.457200000,0.457200000
12.692577288,2.346604938,0.457200000,0.457200000
12.717434429,2.344745103,0.457200000,0.457200000
12.742294293,2.342922030,0.457200000,0.457200000
12.767156825,2.341135723,0.457200000,0.457200000
12.792021973,2.339386186,0.457200000,0.457200000
12.816889680,2.337673423,0.457200000,0.457200000
12.841759893,2.335997437,0.457200000,0.457200000
12.866632557,2.334358232,0.457200000,0.457200000
12.891507618,2.332755811,0.457200000,0.457200000
12.916385022,2.331190179,0.457200000,0.457200000
12.941264714,2.329661339,0.457200000,0.457200000
12.966146640,2.328169293,0.457200000,0.457200000
12.991030744,2.326714046,0.457200000,0.457200000
13.015916974,2.325295600,0.457200000,0.457200000
13.040805274,2.323913958,0.457200000,0.457200000
13.065695591,2.322569124,0.457200000,0.457200000
13.090587869,2.321261100,0.457200000,0.457200000
13.115482054,2.319989890,0.457200000,0.457200000
13.140378091,2.318755496,0.457200000,0.457200000
13.165275927,2.317557920,0.457200000,0.457200000
13.190175507,2.316397166,0.457200000,0.457200000
13.215076776,2.315273236,0.457200000,0.457200000
13.239979680,2.314186132,0.457200000,0.457200000
13.264884164,2.313135857,0.457200000,0.457200000
13.289790175,2.312122413,0.457200000,0.457200000
13.314697657,2.311145803,0.457200000,0.457200000
13.339606556,2.310206027,0.457200000,0.457200000
13.364516817,2.309303090,0.457200000,0.457200000
13.389428387,2.308436991,0.457200000,0.457200000
13.414341210,2.307607734,0.457200000,0.457200000
13.439255232,2.306815321,0.457200000,0.457200000
13.464170399,2.306059752,0.457200000,0.457200000
13.489086656,2.305341029,0.457200000,0.457200000
13.514003948,2.304659155,0.457200000,0.457200000
13.538922222,2.304014130,0.457200000,0.457200000
13.563841422,2.303405957,0.457200000,0.457200000
13.588761495,2.302834635,0.457200000,0.457200000
13.613682385,2.302300168,0.457200000,0.457200000
13.638604038,2.301802555,0.457200000,0.457200000
13.663526400,2.301341798,0.457200000,0.457200000
13.688449416,2.300917897,0.457200000,0.457200000
13.713373032,2.300530855,0.457200000,0.457200000
13.738297193,2.300180671,0.457200000,0.457200000
13.763221844,2.299867347,0.457200000,0.457200000
13.788146932,2.299590882,0.457200000,0.457200000
13.813072401,2.299351279,0.457200000,0.457200000
13.837998197,2.299148536,0.457200000,0.457200000
13.862924266,2.298982655,0.457200000,0.457200000
13.887850553,2.298853637,0.457200000,0.457200000
13.912777003,2.298761480,0.457200000,0.457200000
13.937703563,2.298706186,0.457200000,0.457200000
13.962630177,2.298687755,0.457200000,0.457200000
13.987596471,2.298687755,0.457200000,0.457200000
14.012562766,2.298687755,0.457200000,0.457200000
14.037529061,2.298687755,0.457200000,0.457200000
14.062495356,2.298687755,0.457200000,0.457200000
14.087461651,2.298687755,0.457200000,0.457200000
14.112427946,2.298687755,0.457200000,0.457200000
14.137394241,2.298687755,0.457200000,0.457200000
14.162360536,2.298687755,0.457200000,0.457200000
14.187326830,2.298687755,0.457200000,0.457200000
14.212293125,2.298687755,0.457200000,0.457200000
14.237259420,2.298687755,0.457200000,0.457200000
14.262225715,2.298687755,0.457200000,0.457200000
14.287192010,2.298687755,0.457200000,0.457200000
14.312158305,2.298687755,0.457200000,0.457200000
14.337124600,2.298687755,0.457200000,0.457200000
14.362090895,2.298687755,0.457200000,0.457200000
14.387057189,2.298687755,0.457200000,0.457200000
14.412023484,2.298687755,0.457200000,0.457200000
14.436989779,2.298687755,0.457200000,0.457200000
14.461956074,2.298687755,0.457200000,0.457200000
14.486922369,2.298687755,0.457200000,0.457200000
14.511888664,2.298687755,0.457200000,0.457200000
14.536854959,2.298687755,0.457200000,0.457200000
14.561821254,2.298687755,0.457200000,0.457200000
14.586787548,2.298687755,0.457200000,0.457200000
14.611753843,2.298687755,0.457200000,0.457200000
14.636720138,2.298687755,0.457200000,0.457200000
14.661686433,2.298687755,0.457200000,0.457200000
14.686652728,2.298687755,0.457200000,0.457200000
14.711619023,2.298687755,0.457200000,0.457200000
14.736585318,2.298687755,0.457200000,0.457200000
14.761551613,2.298687755,0.457200000,0.457200000
14.786517907,2.298687755,0.457200000,0.457200000
14.811484202,2.298687755,0.457200000,0.457200000
14.836450497,2.298687755,0.457200000,0.457200000
14.861416792,2.298687755,0.457200000,0.457200000
14.886383087,2.298687755,0.457200000,0.457200000
14.911349382,2.298687755,0.457200000,0.457200000
14.936315677,2.298687755,0.457200000,0.457200000
14.961281972,2.298687755,0.457200000,0.457200000
14.986248266,2.298687755,0.457200000,0.457200000
15.011214561,2.298687755,0.457200000,0.457200000
15.036180856,2.298687755,0.457200000,0.457200000
15.061147151,2.298687755,0.457200000,0.457200000
15.086113446,2.298687755,0.457200000,0.457200000
15.111079741,2.298687755,0.457200000,0.457200000
15.136046036,2.298687755,0.457200000,0.457200000
15.161012331,2.298687755,0.457200000,0.457200000
15.185978625,2.298687755,0.457200000,0.457200000
15.210944920,2.298687755,0.457200000,0.457200000
15.235911215,2.298687755,0.457200000,0.457200000
15.260877510,2.298687755,0.457200000,0.457200000
15.285843805,2.298687755,0.457200000,0.457200000
15.310810100,2.298687755,0.457200000,0.457200000
15.335776395,2.298687755,0.457200000,0.457200000
15.360742690,2.298687755,0.457200000,0.457200000
15.385708984,2.298687755,0.457200000,0.457200000
15.410675279,2.298687755,0.457200000,0.457200000
15.435641574,2.298687755,0.457200000,0.457200000
15.460607869,2.298687755,0.457200000,0.457200000
15.485574164,2.298687755,0.457200000,0.457200000
15.510540459,2.298687755,0.457200000,0.457200000
15.535506754,2.298687755,0.457200000,0.457200000
15.560473049,2.298687755,0.457200000,0.457200000
15.585439343,2.298687755,0.457200000,0.457200000
15.610405638,2.298687755,0.457200000,0.457200000
15.635371933,2.298687755,0.457200000,0.457200000
15.660338228,2.298687755,0.457200000,0.457200000
15.685304523,2.298687755,0.457200000,0.457200000
15.710270818,2.298687755,0.457200000,0.457200000
15.735237113,2.298687755,0.457200000,0.457200000
15.760203408,2.298687755,0.457200000,0.457200000
15.785169702,2.298687755,0.457200000,0.457200000
15.810135997,2.298687755,0.457200000,0.457200000
15.835102292,2.298687755,0.457200000,0.457200000
15.860068587,2.298687755,0.457200000,0.457200000
15.885034882,2.298687755,0.457200000,0.457200000
15.910001177,2.298687755,0.457200000,0.457200000
15.934967472,2.298687755,0.457200000,0.457200000
15.959933767,2.298687755,0.457200000,0.457200000
15.984900061,2.298687755,0.457200000,0.457200000
16.009866356,2.298687755,0.457200000,0.457200000
16.034832651,2.298687755,0.457200000,0.457200000
16.059798946,2.298687755,0.457200000,0.457200000
16.084765241,2.298687755,0.457200000,0.457200000
16.109731536,2.298687755,0.457200000,0.457200000
16.134697831,2.298687755,0.457200000,0.457200000
16.159664126,2.298687755,0.457200000,0.457200000
16.184630420,2.298687755,0.457200000,0.457200000
16.209596715,2.298687755,0.457200000,0.457200000
16.234563010,2.298687755,0.457200000,0.457200000
16.259529305,2.298687755,0.457200000,0.457200000
16.284495600,2.298687755,0.457200000,0.457200000
16.309461895,2.298687755,0.457200000,0.457200000
16.334428190,2.298687755,0.457200000,0.457200000
16.359394485,2.298687755,0.457200000,0.457200000
16.384360779,2.298687755,0.457200000,0.457200000
16.409327074,2.298687755,0.457200000,0.457200000
16.434293369,2.298687755,0.457200000,0.457200000
16.459259664,2.298687755,0.457200000,0.457200000
16.484225959,2.298687755,0.457200000,0.457200000
16.509192254,2.298687755,0.457200000,0.457200000
16.534158549,2.298687755,0.457200000,0.457200000
16.559124844,2.298687755,0.457200000,0.457200000
16.584091138,2.298687755,0.457200000,0.457200000
16.609057433,2.298687755,0.457200000,0.457200000
16.634023728,2.298687755,0.457200000,0.457200000
16.658990023,2.298687755,0.457200000,0.457200000
16.683956318,2.298687755,0.457200000,0.457200000
16.708922613,2.298687755,0.457200000,0.457200000
16.733888908,2.298687755,0.457200000,0.457200000
16.758855203,2.298687755,0.457200000,0.457200000
16.783821497,2.298687755,0.457200000,0.457200000
16.808787792,2.298687755,0.457200000,0.457200000
16.833754087,2.298687755,0.457200000,0.457200000
16.858720382,2.298687755,0.457200000,0.457200000
16.883686677,2.298687755,0.457200000,0.457200000
16.908652972,2.298687755,0.457200000,0.457200000
16.933619267,2.298687755,0.457200000,0.457200000
16.958585562,2.298687755,0.457200000,0.457200000
16.983551856,2.298687755,0.457200000,0.457200000
17.008518151,2.298687755,0.457200000,0.457200000
17.033484446,2.298687755,0.457200000,0.457200000
17.058450741,2.298687755,0.457200000,0.457200000
17.083417036,2.298687755,0.457200000,0.457200000
17.108383331,2.298687755,0.457200000,0.457200000
17.133349626,2.298687755,0.457200000,0.457200000
17.158315921,2.298687755,0.457200000,0.457200000
17.183282215,2.298687755,0.457200000,0.457200000
17.208248510,2.298687755,0.457200000,0.457200000
17.233214805,2.298687755,0.457200000,0.457200000
17.258181100,2.298687755,0.457200000,0.457200000
17.283147395,2.298687755,0.457200000,0.457200000
17.308113690,2.298687755,0.457200000,0.457200000
17.333079985,2.298687755,0.457200000,0.457200000
17.358046280,2.298687755,0.457200000,0.457200000
17.383012574,2.298687755,0.457200000,0.457200000
17.407978869,2.298687755,0.457200000,0.457200000
17.432945164,2.298687755,0.457200000,0.457200000
17.457911459,2.298687755,0.457200000,0.457200000
17.482877754,2.298687755,0.457200000,0.457200000
17.507844049,2.298687755,0.457200000,0.457200000
17.532810344,2.298687755,0.457200000,0.457200000
17.557776639,2.298687755,0.457200000,0.457200000
17.582742933,2.298687755,0.457200000,0.457200000
17.607709228,2.298687755,0.457200000,0.457200000
17.632675523,2.298687755,0.457200000,0.457200000
17.657641818,2.298687755,0.457200000,0.457200000
17.682608113,2.298687755,0.457200000,0.457200000
17.707574408,2.298687755,0.457200000,0.457200000
17.732540703,2.298687755,0.457200000,0.457200000
17.757506998,2.298687755,0.457200000,0.457200000
17.782473292,2.298687755,0.457200000,0.457200000
17.807439587,2.298687755,0.457200000,0.457200000
17.832405882,2.298687755,0.457200000,0.457200000
17.857372177,2.298687755,0.457200000,0.457200000
17.882338472,2.298687755,0.457200000,0.457200000
17.907304767,2.298687755,0.457200000,0.457200000
17.932271062,2.298687755,0.457200000,0.457200000
17.957237357,2.298687755,0.457200000,0.457200000
17.982203651,2.298687755,0.457200000,0.457200000
18.007169946,2.298687755,0.457200000,0.457200000
18.032136241,2.298687755,0.457200000,0.457200000
18.057102536,2.298687755,0.457200000,0.457200000
18.082068831,2.298687755,0.457200000,0.457200000
18.107035126,2.298687755,0.457200000,0.457200000
18.132001421,2.298687755,0.457200000,0.457200000
18.156967716,2.298687755,0.457200000,0.457200000
18.181934010,2.298687755,0.457200000,0.457200000
18.206900305,2.298687755,0.457200000,0.457200000
18.231866600,2.298687755,0.457200000,0.457200000
18.256832895,2.298687755,0.457200000,0.457200000
18.281799190,2.298687755,0.457200000,0.457200000
18.306765485,2.298687755,0.457200000,0.457200000
18.331731780,2.298687755,0.457200000,0.457200000
18.356698075,2.298687755,0.457200000,0.457200000
18.381664369,2.298687755,0.457200000,0.457200000
18.406630664,2.298687755,0.457200000,0.457200000
18.431596959,2.298687755,0.457200000,0.457200000
18.456563254,2.298687755,0.457200000,0.457200000
18.481529549,2.298687755,0.457200000,0.457200000
18.506495844,2.298687755,0.457200000,0.457200000
18.531462139,2.298687755,0.457200000,0.457200000
18.556428434,2.298687755,0.457200000,0.457200000
18.581394728,2.298687755,0.457200000,0.457200000
18.606361023,2.298687755,0.457200000,0.457200000
18.631327318,2.298687755,0.457200000,0.457200000
18.656293613,2.298687755,0.457200000,0.457200000
18.681259908,2.298687755,0.457200000,0.457200000
18.706226203,2.298687755,0.457200000,0.457200000
18.731192498,2.298687755,0.457200000,0.457200000
18.756158793,2.298687755,0.457200000,0.457200000
18.781125087,2.298687755,0.457200000,0.457200000
18.806091382,2.298687755,0.457200000,0.457200000
18.831057677,2.298687755,0.457200000,0.457200000
18.856023972,2.298687755,0.457200000,0.457200000
18.880990267,2.298687755,0.457200000,0.457200000
18.905956562,2.298687755,0.457200000,0.457200000
18.930922857,2.298687755,0.457200000,0.457200000
18.955889152,2.298687755,0.457200000,0.457200000
18.980855446,2.298687755,0.457200000,0.457200000
19.005821741,2.298687755,0.457200000,0.457200000
19.030788036,2.298687755,0.457200000,0.457200000
19.055754331,2.298687755,0.457200000,0.457200000
19.080720626,2.298687755,0.457200000,0.457200000
19.105686921,2.298687755,0.457200000,0.457200000
19.130653216,2.298687755,0.457200000,0.457200000
19.155619511,2.298687755,0.457200000,0.457200000
19.180585805,2.298687755,0.457200000,0.457200000
19.205552100,2.298687755,0.457200000,0.457200000
19.230518395,2.298687755,0.457200000,0.457200000
19.255484690,2.298687755,0.457200000,0.457200000
19.280450985,2.298687755,0.457200000,0.457200000
19.305417280,2.298687755,0.457200000,0.457200000
19.330383575,2.298687755,0.457200000,0.457200000
19.355349870,2.298687755,0.457200000,0.457200000
19.380316164,2.298687755,0.457200000,0.457200000
19.405282459,2.298687755,0.457200000,0.457200000
19.430248754,2.298687755,0.457200000,0.457200000
19.455215049,2.298687755,0.457200000,0.457200000
19.480181344,2.298687755,0.457200000,0.457200000
19.505147639,2.298687755,0.457200000,0.457200000
19.530113934,2.298687755,0.457200000,0.457200000
19.555080229,2.298687755,0.457200000,0.457200000
19.580046523,2.298687755,0.457200000,0.457200000
19.605012818,2.298687755,0.457200000,0.457200000
19.629979113,2.298687755,0.457200000,0.457200000
19.654945408,2.298687755,0.457200000,0.457200000
19.679911703,2.298687755,0.457200000,0.457200000
19.704877998,2.298687755,0.457200000,0.457200000
19.729844293,2.298687755,0.457200000,0.457200000
19.754810588,2.298687755,0.457200000,0.457200000
19.779776882,2.298687755,0.457200000,0.457200000
19.804743177,2.298687755,0.457200000,0.457200000
19.829709472,2.298687755,0.457200000,0.457200000
19.854675767,2.298687755,0.457200000,0.457200000
19.879642062,2.298687755,0.457200000,0.457200000
19.904608357,2.298687755,0.457200000,0.457200000
19.929574652,2.298687755,0.457200000,0.457200000
19.954540947,2.298687755,0.457200000,0.457200000
19.979507241,2.298687755,0.457200000,0.457200000
20.004473536,2.298687755,0.457200000,0.457200000
20.029439831,2.298687755,0.457200000,0.457200000
20.054406126,2.298687755,0.457200000,0.457200000
20.079372421,2.298687755,0.457200000,0.457200000
20.104338716,2.298687755,0.457200000,0.457200000
20.129305011,2.298687755,0.457200000,0.457200000
20.154271306,2.298687755,0.457200000,0.457200000
20.179237600,2.298687755,0.457200000,0.457200000
20.204203895,2.298687755,0.457200000,0.457200000
20.229170190,2.298687755,0.457200000,0.457200000
20.254136485,2.298687755,0.457200000,0.457200000
20.279102780,2.298687755,0.457200000,0.457200000
20.304069075,2.298687755,0.457200000,0.457200000
20.329035370,2.298687755,0.457200000,0.457200000
20.354001665,2.298687755,0.457200000,0.457200000
20.378967959,2.298687755,0.457200000,0.457200000
20.403934254,2.298687755,0.457200000,0.457200000
20.428900549,2.298687755,0.457200000,0.457200000
20.453866844,2.298687755,0.457200000,0.457200000
20.478833139,2.298687755,0.457200000,0.457200000
20.503799434,2.298687755,0.457200000,0.457200000
20.528765729,2.298687755,0.457200000,0.457200000
20.553732024,2.298687755,0.457200000,0.457200000
20.578698318,2.298687755,0.457200000,0.457200000
20.603664613,2.298687755,0.457200000,0.457200000
